-- Drop existing tables if they exist to allow clean rebuilds
DROP TABLE IF EXISTS tickets CASCADE;
DROP TABLE IF EXISTS messages CASCADE;
DROP TABLE IF EXISTS conversations CASCADE;
DROP TABLE IF EXISTS identities CASCADE;
DROP TABLE IF EXISTS profile_projects CASCADE;
DROP TABLE IF EXISTS projects CASCADE;
DROP TABLE IF EXISTS profiles CASCADE;
DROP TABLE IF EXISTS companies CASCADE;

-- Create tables with constraints and foreign keys
CREATE TABLE companies (
    id INT PRIMARY KEY,
    name VARCHAR(255) NOT NULL,
    created_at TIMESTAMPTZ DEFAULT NOW()
);

CREATE TABLE profiles (
    id INT PRIMARY KEY,
    company_id INT REFERENCES companies(id) ON DELETE CASCADE,
    name VARCHAR(255) NOT NULL,
    created_at TIMESTAMPTZ DEFAULT NOW()
);

CREATE TABLE projects (
    id INT PRIMARY KEY,
    company_id INT REFERENCES companies(id) ON DELETE CASCADE,
    name VARCHAR(255) NOT NULL,
    created_at TIMESTAMPTZ DEFAULT NOW()
);

CREATE TABLE profile_projects (
    profile_id INT REFERENCES profiles(id) ON DELETE CASCADE,
    project_id INT REFERENCES projects(id) ON DELETE CASCADE,
    PRIMARY KEY (profile_id, project_id)
);

CREATE TABLE identities (
    id VARCHAR(50) PRIMARY KEY,
    profile_id INT REFERENCES profiles(id) ON DELETE SET NULL,
    channel VARCHAR(50) NOT NULL,
    channel_ref VARCHAR(255) NOT NULL,
    created_at TIMESTAMPTZ DEFAULT NOW()
);

CREATE TABLE conversations (
    id INT PRIMARY KEY,
    promptx_conversation_id VARCHAR(100) UNIQUE,
    identity_id VARCHAR(50) REFERENCES identities(id) ON DELETE SET NULL,
    project_id INT REFERENCES projects(id) ON DELETE SET NULL,
    status VARCHAR(50) NOT NULL,
    channel VARCHAR(50) NOT NULL,
    handled_by VARCHAR(50),
    assigned_pm VARCHAR(50),
    updated_at TIMESTAMPTZ,
    created_at TIMESTAMPTZ DEFAULT NOW()
);

CREATE TABLE messages (
    id SERIAL PRIMARY KEY,
    conversation_id INT NOT NULL REFERENCES conversations(id) ON DELETE CASCADE,
    role VARCHAR(50) NOT NULL,
    content TEXT NOT NULL,
    created_at TIMESTAMPTZ,
    query TEXT
);

CREATE TABLE tickets (
    id VARCHAR(50) PRIMARY KEY,
    subject TEXT NOT NULL,
    summary TEXT,
    status VARCHAR(50) NOT NULL,
    priority VARCHAR(10) NOT NULL,
    assigned_pm VARCHAR(50),
    created_via VARCHAR(50),
    plane_issue_id UUID,
    conversation_id INT REFERENCES conversations(id) ON DELETE SET NULL
);

CREATE TABLE IF NOT EXISTS traces (
  id SERIAL PRIMARY KEY,
  trace_id UUID UNIQUE NOT NULL,
  session_id VARCHAR(255) NOT NULL,
  agent_id VARCHAR(255),
  tool_name VARCHAR(255) NOT NULL,
  called_at TIMESTAMPTZ NOT NULL,
  reason TEXT,
  arguments JSONB DEFAULT '{}',
  result JSONB,
  status VARCHAR(50) DEFAULT 'RUNNING',
  error_message TEXT,
  completed_at TIMESTAMPTZ,
  request_id VARCHAR(255),
  conversation_id VARCHAR(255),
  parent_trace_id VARCHAR(255)
);

CREATE INDEX IF NOT EXISTS idx_traces_session ON traces(session_id);
CREATE INDEX IF NOT EXISTS idx_traces_trace_id ON traces(trace_id);
CREATE INDEX IF NOT EXISTS idx_traces_agent ON traces(agent_id);

-- Create indexes for foreign keys to optimize joins
CREATE INDEX idx_profiles_company_id ON profiles(company_id);
CREATE INDEX idx_projects_company_id ON projects(company_id);
CREATE INDEX idx_profile_projects_project_id ON profile_projects(project_id);
CREATE INDEX idx_identities_profile_id ON identities(profile_id);

-- Seed data for companies
INSERT INTO companies (id, name) VALUES (1, 'Orbit Retail Co., Ltd.');
INSERT INTO companies (id, name) VALUES (2, 'BlueWave Logistics');
INSERT INTO companies (id, name) VALUES (3, 'NovaMed Healthcare');
INSERT INTO companies (id, name) VALUES (4, 'Sunrise Finance Group');
INSERT INTO companies (id, name) VALUES (5, 'Avalant Co.,Ltd.');

-- Seed data for profiles
INSERT INTO profiles (id, company_id, name) VALUES (1, 1, 'Natapohn Sawatsakulpattana');
INSERT INTO profiles (id, company_id, name) VALUES (2, 1, 'Krit Wongsakul');
INSERT INTO profiles (id, company_id, name) VALUES (3, 1, 'Nattapong Srisuk');
INSERT INTO profiles (id, company_id, name) VALUES (4, 2, 'Montira Pattanapong');
INSERT INTO profiles (id, company_id, name) VALUES (5, 2, 'Anuwat Ruengrit');
INSERT INTO profiles (id, company_id, name) VALUES (6, 3, 'Dr. Wasinee Thongbai');
INSERT INTO profiles (id, company_id, name) VALUES (7, 3, 'Piyawat Charoensuk');
INSERT INTO profiles (id, company_id, name) VALUES (8, 4, 'Lalita Naowarat');
INSERT INTO profiles (id, company_id, name) VALUES (9, 4, 'Supachai Metharom');
INSERT INTO profiles (id, company_id, name) VALUES (10, 5, 'Natapohn Sawatsakulpattana');
INSERT INTO profiles (id, company_id, name) VALUES (11, 5, 'Orawan Suwanprasert');
INSERT INTO profiles (id, company_id, name) VALUES (12, 5, 'Natapohnpol');
INSERT INTO profiles (id, company_id, name) VALUES (13, 5, 'grouplineTOR');

-- Seed data for projects
INSERT INTO projects (id, company_id, name) VALUES (1, 1, 'Orbit POS System');
INSERT INTO projects (id, company_id, name) VALUES (2, 1, 'Orbit Mobile App');
INSERT INTO projects (id, company_id, name) VALUES (3, 2, 'Fleet Tracker v2');
INSERT INTO projects (id, company_id, name) VALUES (4, 2, 'Warehouse Management System');
INSERT INTO projects (id, company_id, name) VALUES (5, 3, 'Patient Portal');
INSERT INTO projects (id, company_id, name) VALUES (6, 3, 'Pharmacy Integration');
INSERT INTO projects (id, company_id, name) VALUES (7, 4, 'Loan Origination Platform');
INSERT INTO projects (id, company_id, name) VALUES (8, 5, 'Learning Management System');
INSERT INTO projects (id, company_id, name) VALUES (9, 5, 'Teacher Dashboard');

-- Seed data for profile_projects (junction table)
INSERT INTO profile_projects (profile_id, project_id) VALUES (1, 1) ON CONFLICT DO NOTHING;
INSERT INTO profile_projects (profile_id, project_id) VALUES (1, 2) ON CONFLICT DO NOTHING;
INSERT INTO profile_projects (profile_id, project_id) VALUES (2, 1) ON CONFLICT DO NOTHING;
INSERT INTO profile_projects (profile_id, project_id) VALUES (3, 2) ON CONFLICT DO NOTHING;
INSERT INTO profile_projects (profile_id, project_id) VALUES (4, 3) ON CONFLICT DO NOTHING;
INSERT INTO profile_projects (profile_id, project_id) VALUES (4, 4) ON CONFLICT DO NOTHING;
INSERT INTO profile_projects (profile_id, project_id) VALUES (5, 3) ON CONFLICT DO NOTHING;
INSERT INTO profile_projects (profile_id, project_id) VALUES (6, 5) ON CONFLICT DO NOTHING;
INSERT INTO profile_projects (profile_id, project_id) VALUES (6, 6) ON CONFLICT DO NOTHING;
INSERT INTO profile_projects (profile_id, project_id) VALUES (7, 5) ON CONFLICT DO NOTHING;
INSERT INTO profile_projects (profile_id, project_id) VALUES (8, 7) ON CONFLICT DO NOTHING;
INSERT INTO profile_projects (profile_id, project_id) VALUES (9, 7) ON CONFLICT DO NOTHING;
INSERT INTO profile_projects (profile_id, project_id) VALUES (10, 8) ON CONFLICT DO NOTHING;
INSERT INTO profile_projects (profile_id, project_id) VALUES (10, 9) ON CONFLICT DO NOTHING;
INSERT INTO profile_projects (profile_id, project_id) VALUES (11, 8) ON CONFLICT DO NOTHING;
INSERT INTO profile_projects (profile_id, project_id) VALUES (12, 8) ON CONFLICT DO NOTHING;
INSERT INTO profile_projects (profile_id, project_id) VALUES (13, 8) ON CONFLICT DO NOTHING;

-- Seed data for identities
INSERT INTO identities (id, profile_id, channel, channel_ref) VALUES ('1', 1, 'line', 'U42b9877b8e5c58a2fec8bb759b38f718');
INSERT INTO identities (id, profile_id, channel, channel_ref) VALUES ('2', 1, 'email', 'siriporn@orbitretail.co.th');
INSERT INTO identities (id, profile_id, channel, channel_ref) VALUES ('3', 2, 'whatsapp', '+66891234567');
INSERT INTO identities (id, profile_id, channel, channel_ref) VALUES ('4', 3, 'line_group', 'Ue5c4a87416737ab2650f7f0d8ca3d593');
INSERT INTO identities (id, profile_id, channel, channel_ref) VALUES ('5', 4, 'email', 'montira@bluewave.co.th');
INSERT INTO identities (id, profile_id, channel, channel_ref) VALUES ('6', 5, 'whatsapp', '+66812345678');
INSERT INTO identities (id, profile_id, channel, channel_ref) VALUES ('7', 5, 'line', 'Uad28c1eabbcbe1608e038d4d162f4944');
INSERT INTO identities (id, profile_id, channel, channel_ref) VALUES ('8', 6, 'email', 'wasinee@novamed.th');
INSERT INTO identities (id, profile_id, channel, channel_ref) VALUES ('9', 7, 'email', 'wasineessssss@novamed.th');
INSERT INTO identities (id, profile_id, channel, channel_ref) VALUES ('10', 8, 'whatsapp', '+66823456789');
INSERT INTO identities (id, profile_id, channel, channel_ref) VALUES ('-*', 9, 'email', 'supachai@sunrisefinance.th');
INSERT INTO identities (id, profile_id, channel, channel_ref) VALUES ('12', 10, 'line', 'U6256f0c4dbb64edacf9eea92904e49b1');
INSERT INTO identities (id, profile_id, channel, channel_ref) VALUES ('13', 11, 'line_group', 'C1f1e16d088840fb3201bc0af9baa7cef');
INSERT INTO identities (id, profile_id, channel, channel_ref) VALUES ('14', NULL, 'line', 'Uunknown99999');
INSERT INTO identities (id, profile_id, channel, channel_ref) VALUES ('15', 12, 'line', 'U60cacc31b2bb8a8ea8fb1779265edbc9');
INSERT INTO identities (id, profile_id, channel, channel_ref) VALUES ('16', 13, 'line_group', 'Cea60bc5547ad1b93d1053faad1cb8a7f');

-- Seed data for conversations
INSERT INTO conversations (id, promptx_conversation_id, identity_id, project_id, status, channel, handled_by, assigned_pm, updated_at) VALUES (3, NULL, '3', 1, 'escalated', 'line', 'ai', 'pm_lek', NULL);
INSERT INTO conversations (id, promptx_conversation_id, identity_id, project_id, status, channel, handled_by, assigned_pm, updated_at) VALUES (4, NULL, '4', 2, 'open', 'line', 'ai', NULL, NULL);
INSERT INTO conversations (id, promptx_conversation_id, identity_id, project_id, status, channel, handled_by, assigned_pm, updated_at) VALUES (5, NULL, '5', 3, 'open', 'line', 'ai', NULL, NULL);
INSERT INTO conversations (id, promptx_conversation_id, identity_id, project_id, status, channel, handled_by, assigned_pm, updated_at) VALUES (6, NULL, '6', 3, 'closed', 'line', 'ai', 'pm_nok', NULL);
INSERT INTO conversations (id, promptx_conversation_id, identity_id, project_id, status, channel, handled_by, assigned_pm, updated_at) VALUES (7, NULL, '8', 5, 'open', 'line', 'ai', NULL, NULL);
INSERT INTO conversations (id, promptx_conversation_id, identity_id, project_id, status, channel, handled_by, assigned_pm, updated_at) VALUES (8, NULL, '9', 5, 'escalated', 'line', 'ai', 'pm_lek', NULL);
INSERT INTO conversations (id, promptx_conversation_id, identity_id, project_id, status, channel, handled_by, assigned_pm, updated_at) VALUES (9, NULL, '10', 7, 'open', 'line', 'ai', NULL, NULL);
INSERT INTO conversations (id, promptx_conversation_id, identity_id, project_id, status, channel, handled_by, assigned_pm, updated_at) VALUES (11, NULL, '13', 8, 'open', 'line', 'ai', NULL, NULL);
INSERT INTO conversations (id, promptx_conversation_id, identity_id, project_id, status, channel, handled_by, assigned_pm, updated_at) VALUES (12, 'e6yg9Z3mmzKDnLuve2rQX', '12', 9, 'open', 'line', 'ai', NULL, NULL);
INSERT INTO conversations (id, promptx_conversation_id, identity_id, project_id, status, channel, handled_by, assigned_pm, updated_at) VALUES (13, NULL, '7', 8, 'open', 'line', 'ai', NULL, NULL);
INSERT INTO conversations (id, promptx_conversation_id, identity_id, project_id, status, channel, handled_by, assigned_pm, updated_at) VALUES (14, NULL, '15', 8, 'open', 'line', 'ai', NULL, NULL);

-- Seed data for messages
INSERT INTO messages (conversation_id, role, content, created_at, query) VALUES (12, 'customer', 'ระบบล่ม ขึ้น Error 404 Server เข้าไม่ได้เลย รีบด่วน', '2026-06-30T21:09:23.730Z', NULL);
INSERT INTO messages (conversation_id, role, content, created_at, query) VALUES (12, 'ai', '{"formatted":"Customer: ระบบล่ม ขึ้น Error 404 Server เข้าไม่ได้เลย รีบด่วน","count":1}', NULL, NULL);
INSERT INTO messages (conversation_id, role, content, created_at, query) VALUES (12, 'customer', 'ระบบล่ม ขึ้น Error 404 Server เข้าไม่ได้เลย รีบด่วน', '2026-06-30T21:10:04.938Z', NULL);
INSERT INTO messages (conversation_id, role, content, created_at, query) VALUES (12, 'ai', '{"formatted":"Customer: ระบบล่ม ขึ้น Error 404 Server เข้าไม่ได้เลย รีบด่วน\nAssistant: {\"formatted\":\"Customer: ระบบล่ม ขึ้น Error 404 Server เข้าไม่ได้เลย รีบด่วน\",\"count\":1}\nCustomer: ระบบล่ม ขึ้น Error 404 Server เข้าไม่ได้เลย รีบด่วน","count":3}', NULL, NULL);
INSERT INTO messages (conversation_id, role, content, created_at, query) VALUES (12, 'customer', 'ระบบล่ม ขึ้น Error 454 Server เข้าไม่ได้เลย รีบด่วน', '2026-06-30T21:14:03.911Z', NULL);
INSERT INTO messages (conversation_id, role, content, created_at, query) VALUES (12, 'ai', '{"formatted":"Customer: ระบบล่ม ขึ้น Error 404 Server เข้าไม่ได้เลย รีบด่วน\nAssistant: {\"formatted\":\"Customer: ระบบล่ม ขึ้น Error 404 Server เข้าไม่ได้เลย รีบด่วน\",\"count\":1}\nCustomer: ระบบล่ม ขึ้น Error 404 Server เข้าไม่ได้เลย รีบด่วน\nAssistant: {\"formatted\":\"Customer: ระบบล่ม ขึ้น Error 404 Server เข้าไม่ได้เลย รีบด่วน\\nAssistant: {\\\"formatted\\\":\\\"Customer: ระบบล่ม ขึ้น Error 404 Server เข้าไม่ได้เลย รีบด่วน\\\",\\\"count\\\":1}\\nCustomer: ระบบล่ม ขึ้น Error 404 Server เข้าไม่ได้เลย รีบด่วน\",\"count\":3}\nCustomer: ระบบล่ม ขึ้น Error 454 Server เข้าไม่ได้เลย รีบด่วน","count":5}', NULL, NULL);
INSERT INTO messages (conversation_id, role, content, created_at, query) VALUES (12, 'customer', 'ขอคุยกับเจ้าหน้าที่โดยตรง', '2026-06-30T21:15:30.433Z', NULL);
INSERT INTO messages (conversation_id, role, content, created_at, query) VALUES (12, 'ai', '{"formatted":"Customer: ระบบล่ม ขึ้น Error 404 Server เข้าไม่ได้เลย รีบด่วน\nAssistant: {\"formatted\":\"Customer: ระบบล่ม ขึ้น Error 404 Server เข้าไม่ได้เลย รีบด่วน\",\"count\":1}\nCustomer: ระบบล่ม ขึ้น Error 404 Server เข้าไม่ได้เลย รีบด่วน\nAssistant: {\"formatted\":\"Customer: ระบบล่ม ขึ้น Error 404 Server เข้าไม่ได้เลย รีบด่วน\\nAssistant: {\\\"formatted\\\":\\\"Customer: ระบบล่ม ขึ้น Error 404 Server เข้าไม่ได้เลย รีบด่วน\\\",\\\"count\\\":1}\\nCustomer: ระบบล่ม ขึ้น Error 404 Server เข้าไม่ได้เลย รีบด่วน\",\"count\":3}\nCustomer: ระบบล่ม ขึ้น Error 454 Server เข้าไม่ได้เลย รีบด่วน\nAssistant: {\"formatted\":\"Customer: ระบบล่ม ขึ้น Error 404 Server เข้าไม่ได้เลย รีบด่วน\\nAssistant: {\\\"formatted\\\":\\\"Customer: ระบบล่ม ขึ้น Error 404 Server เข้าไม่ได้เลย รีบด่วน\\\",\\\"count\\\":1}\\nCustomer: ระบบล่ม ขึ้น Error 404 Server เข้าไม่ได้เลย รีบด่วน\\nAssistant: {\\\"formatted\\\":\\\"Customer: ระบบล่ม ขึ้น Error 404 Server เข้าไม่ได้เลย รีบด่วน\\\\nAssistant: {\\\\\\\"formatted\\\\\\\":\\\\\\\"Customer: ระบบล่ม ขึ้น Error 404 Server เข้าไม่ได้เลย รีบด่วน\\\\\\\",\\\\\\\"count\\\\\\\":1}\\\\nCustomer: ระบบล่ม ขึ้น Error 404 Server เข้าไม่ได้เลย รีบด่วน\\\",\\\"count\\\":3}\\nCustomer: ระบบล่ม ขึ้น Error 454 Server เข้าไม่ได้เลย รีบด่วน\",\"count\":5}\nCustomer: ขอคุยกับเจ้าหน้าที่โดยตรง","count":7}', NULL, NULL);
INSERT INTO messages (conversation_id, role, content, created_at, query) VALUES (12, 'customer', 'ขอคุยกับเจ้าหน้าที่โดยตรง', '2026-06-30T21:47:59.001Z', NULL);
INSERT INTO messages (conversation_id, role, content, created_at, query) VALUES (12, 'ai', '{"formatted":"Customer: ระบบล่ม ขึ้น Error 404 Server เข้าไม่ได้เลย รีบด่วน\nAssistant: {\"formatted\":\"Customer: ระบบล่ม ขึ้น Error 404 Server เข้าไม่ได้เลย รีบด่วน\",\"count\":1}\nCustomer: ระบบล่ม ขึ้น Error 404 Server เข้าไม่ได้เลย รีบด่วน\nAssistant: {\"formatted\":\"Customer: ระบบล่ม ขึ้น Error 404 Server เข้าไม่ได้เลย รีบด่วน\\nAssistant: {\\\"formatted\\\":\\\"Customer: ระบบล่ม ขึ้น Error 404 Server เข้าไม่ได้เลย รีบด่วน\\\",\\\"count\\\":1}\\nCustomer: ระบบล่ม ขึ้น Error 404 Server เข้าไม่ได้เลย รีบด่วน\",\"count\":3}\nCustomer: ระบบล่ม ขึ้น Error 454 Server เข้าไม่ได้เลย รีบด่วน\nAssistant: {\"formatted\":\"Customer: ระบบล่ม ขึ้น Error 404 Server เข้าไม่ได้เลย รีบด่วน\\nAssistant: {\\\"formatted\\\":\\\"Customer: ระบบล่ม ขึ้น Error 404 Server เข้าไม่ได้เลย รีบด่วน\\\",\\\"count\\\":1}\\nCustomer: ระบบล่ม ขึ้น Error 404 Server เข้าไม่ได้เลย รีบด่วน\\nAssistant: {\\\"formatted\\\":\\\"Customer: ระบบล่ม ขึ้น Error 404 Server เข้าไม่ได้เลย รีบด่วน\\\\nAssistant: {\\\\\\\"formatted\\\\\\\":\\\\\\\"Customer: ระบบล่ม ขึ้น Error 404 Server เข้าไม่ได้เลย รีบด่วน\\\\\\\",\\\\\\\"count\\\\\\\":1}\\\\nCustomer: ระบบล่ม ขึ้น Error 404 Server เข้าไม่ได้เลย รีบด่วน\\\",\\\"count\\\":3}\\nCustomer: ระบบล่ม ขึ้น Error 454 Server เข้าไม่ได้เลย รีบด่วน\",\"count\":5}\nCustomer: ขอคุยกับเจ้าหน้าที่โดยตรง\nAssistant: {\"formatted\":\"Customer: ระบบล่ม ขึ้น Error 404 Server เข้าไม่ได้เลย รีบด่วน\\nAssistant: {\\\"formatted\\\":\\\"Customer: ระบบล่ม ขึ้น Error 404 Server เข้าไม่ได้เลย รีบด่วน\\\",\\\"count\\\":1}\\nCustomer: ระบบล่ม ขึ้น Error 404 Server เข้าไม่ได้เลย รีบด่วน\\nAssistant: {\\\"formatted\\\":\\\"Customer: ระบบล่ม ขึ้น Error 404 Server เข้าไม่ได้เลย รีบด่วน\\\\nAssistant: {\\\\\\\"formatted\\\\\\\":\\\\\\\"Customer: ระบบล่ม ขึ้น Error 404 Server เข้าไม่ได้เลย รีบด่วน\\\\\\\",\\\\\\\"count\\\\\\\":1}\\\\nCustomer: ระบบล่ม ขึ้น Error 404 Server เข้าไม่ได้เลย รีบด่วน\\\",\\\"count\\\":3}\\nCustomer: ระบบล่ม ขึ้น Error 454 Server เข้าไม่ได้เลย รีบด่วน\\nAssistant: {\\\"formatted\\\":\\\"Customer: ระบบล่ม ขึ้น Error 404 Server เข้าไม่ได้เลย รีบด่วน\\\\nAssistant: {\\\\\\\"formatted\\\\\\\":\\\\\\\"Customer: ระบบล่ม ขึ้น Error 404 Server เข้าไม่ได้เลย รีบด่วน\\\\\\\",\\\\\\\"count\\\\\\\":1}\\\\nCustomer: ระบบล่ม ขึ้น Error 404 Server เข้าไม่ได้เลย รีบด่วน\\\\nAssistant: {\\\\\\\"formatted\\\\\\\":\\\\\\\"Customer: ระบบล่ม ขึ้น Error 404 Server เข้าไม่ได้เลย รีบด่วน\\\\\\\\nAssistant: {\\\\\\\\\\\\\\\"formatted\\\\\\\\\\\\\\\":\\\\\\\\\\\\\\\"Customer: ระบบล่ม ขึ้น Error 404 Server เข้าไม่ได้เลย รีบด่วน\\\\\\\\\\\\\\\",\\\\\\\\\\\\\\\"count\\\\\\\\\\\\\\\":1}\\\\\\\\nCustomer: ระบบล่ม ขึ้น Error 404 Server เข้าไม่ได้เลย รีบด่วน\\\\\\\",\\\\\\\"count\\\\\\\":3}\\\\nCustomer: ระบบล่ม ขึ้น Error 454 Server เข้าไม่ได้เลย รีบด่วน\\\",\\\"count\\\":5}\\nCustomer: ขอคุยกับเจ้าหน้าที่โดยตรง\",\"count\":7}\nCustomer: ขอคุยกับเจ้าหน้าที่โดยตรง","count":9}', NULL, NULL);
INSERT INTO messages (conversation_id, role, content, created_at, query) VALUES (12, 'customer', 'ขอ human agent', '2026-06-30T21:49:15.477Z', NULL);
INSERT INTO messages (conversation_id, role, content, created_at, query) VALUES (12, 'ai', '{"formatted":"Customer: ระบบล่ม ขึ้น Error 404 Server เข้าไม่ได้เลย รีบด่วน\nAssistant: {\"formatted\":\"Customer: ระบบล่ม ขึ้น Error 404 Server เข้าไม่ได้เลย รีบด่วน\",\"count\":1}\nCustomer: ระบบล่ม ขึ้น Error 404 Server เข้าไม่ได้เลย รีบด่วน\nAssistant: {\"formatted\":\"Customer: ระบบล่ม ขึ้น Error 404 Server เข้าไม่ได้เลย รีบด่วน\\nAssistant: {\\\"formatted\\\":\\\"Customer: ระบบล่ม ขึ้น Error 404 Server เข้าไม่ได้เลย รีบด่วน\\\",\\\"count\\\":1}\\nCustomer: ระบบล่ม ขึ้น Error 404 Server เข้าไม่ได้เลย รีบด่วน\",\"count\":3}\nCustomer: ระบบล่ม ขึ้น Error 454 Server เข้าไม่ได้เลย รีบด่วน\nAssistant: {\"formatted\":\"Customer: ระบบล่ม ขึ้น Error 404 Server เข้าไม่ได้เลย รีบด่วน\\nAssistant: {\\\"formatted\\\":\\\"Customer: ระบบล่ม ขึ้น Error 404 Server เข้าไม่ได้เลย รีบด่วน\\\",\\\"count\\\":1}\\nCustomer: ระบบล่ม ขึ้น Error 404 Server เข้าไม่ได้เลย รีบด่วน\\nAssistant: {\\\"formatted\\\":\\\"Customer: ระบบล่ม ขึ้น Error 404 Server เข้าไม่ได้เลย รีบด่วน\\\\nAssistant: {\\\\\\\"formatted\\\\\\\":\\\\\\\"Customer: ระบบล่ม ขึ้น Error 404 Server เข้าไม่ได้เลย รีบด่วน\\\\\\\",\\\\\\\"count\\\\\\\":1}\\\\nCustomer: ระบบล่ม ขึ้น Error 404 Server เข้าไม่ได้เลย รีบด่วน\\\",\\\"count\\\":3}\\nCustomer: ระบบล่ม ขึ้น Error 454 Server เข้าไม่ได้เลย รีบด่วน\",\"count\":5}\nCustomer: ขอคุยกับเจ้าหน้าที่โดยตรง\nAssistant: {\"formatted\":\"Customer: ระบบล่ม ขึ้น Error 404 Server เข้าไม่ได้เลย รีบด่วน\\nAssistant: {\\\"formatted\\\":\\\"Customer: ระบบล่ม ขึ้น Error 404 Server เข้าไม่ได้เลย รีบด่วน\\\",\\\"count\\\":1}\\nCustomer: ระบบล่ม ขึ้น Error 404 Server เข้าไม่ได้เลย รีบด่วน\\nAssistant: {\\\"formatted\\\":\\\"Customer: ระบบล่ม ขึ้น Error 404 Server เข้าไม่ได้เลย รีบด่วน\\\\nAssistant: {\\\\\\\"formatted\\\\\\\":\\\\\\\"Customer: ระบบล่ม ขึ้น Error 404 Server เข้าไม่ได้เลย รีบด่วน\\\\\\\",\\\\\\\"count\\\\\\\":1}\\\\nCustomer: ระบบล่ม ขึ้น Error 404 Server เข้าไม่ได้เลย รีบด่วน\\\",\\\"count\\\":3}\\nCustomer: ระบบล่ม ขึ้น Error 454 Server เข้าไม่ได้เลย รีบด่วน\\nAssistant: {\\\"formatted\\\":\\\"Customer: ระบบล่ม ขึ้น Error 404 Server เข้าไม่ได้เลย รีบด่วน\\\\nAssistant: {\\\\\\\"formatted\\\\\\\":\\\\\\\"Customer: ระบบล่ม ขึ้น Error 404 Server เข้าไม่ได้เลย รีบด่วน\\\\\\\",\\\\\\\"count\\\\\\\":1}\\\\nCustomer: ระบบล่ม ขึ้น Error 404 Server เข้าไม่ได้เลย รีบด่วน\\\\nAssistant: {\\\\\\\"formatted\\\\\\\":\\\\\\\"Customer: ระบบล่ม ขึ้น Error 404 Server เข้าไม่ได้เลย รีบด่วน\\\\\\\\nAssistant: {\\\\\\\\\\\\\\\"formatted\\\\\\\\\\\\\\\":\\\\\\\\\\\\\\\"Customer: ระบบล่ม ขึ้น Error 404 Server เข้าไม่ได้เลย รีบด่วน\\\\\\\\\\\\\\\",\\\\\\\\\\\\\\\"count\\\\\\\\\\\\\\\":1}\\\\\\\\nCustomer: ระบบล่ม ขึ้น Error 404 Server เข้าไม่ได้เลย รีบด่วน\\\\\\\",\\\\\\\"count\\\\\\\":3}\\\\nCustomer: ระบบล่ม ขึ้น Error 454 Server เข้าไม่ได้เลย รีบด่วน\\\",\\\"count\\\":5}\\nCustomer: ขอคุยกับเจ้าหน้าที่โดยตรง\",\"count\":7}\nCustomer: ขอคุยกับเจ้าหน้าที่โดยตรง\nAssistant: {\"formatted\":\"Customer: ระบบล่ม ขึ้น Error 404 Server เข้าไม่ได้เลย รีบด่วน\\nAssistant: {\\\"formatted\\\":\\\"Customer: ระบบล่ม ขึ้น Error 404 Server เข้าไม่ได้เลย รีบด่วน\\\",\\\"count\\\":1}\\nCustomer: ระบบล่ม ขึ้น Error 404 Server เข้าไม่ได้เลย รีบด่วน\\nAssistant: {\\\"formatted\\\":\\\"Customer: ระบบล่ม ขึ้น Error 404 Server เข้าไม่ได้เลย รีบด่วน\\\\nAssistant: {\\\\\\\"formatted\\\\\\\":\\\\\\\"Customer: ระบบล่ม ขึ้น Error 404 Server เข้าไม่ได้เลย รีบด่วน\\\\\\\",\\\\\\\"count\\\\\\\":1}\\\\nCustomer: ระบบล่ม ขึ้น Error 404 Server เข้าไม่ได้เลย รีบด่วน\\\",\\\"count\\\":3}\\nCustomer: ระบบล่ม ขึ้น Error 454 Server เข้าไม่ได้เลย รีบด่วน\\nAssistant: {\\\"formatted\\\":\\\"Customer: ระบบล่ม ขึ้น Error 404 Server เข้าไม่ได้เลย รีบด่วน\\\\nAssistant: {\\\\\\\"formatted\\\\\\\":\\\\\\\"Customer: ระบบล่ม ขึ้น Error 404 Server เข้าไม่ได้เลย รีบด่วน\\\\\\\",\\\\\\\"count\\\\\\\":1}\\\\nCustomer: ระบบล่ม ขึ้น Error 404 Server เข้าไม่ได้เลย รีบด่วน\\\\nAssistant: {\\\\\\\"formatted\\\\\\\":\\\\\\\"Customer: ระบบล่ม ขึ้น Error 404 Server เข้าไม่ได้เลย รีบด่วน\\\\\\\\nAssistant: {\\\\\\\\\\\\\\\"formatted\\\\\\\\\\\\\\\":\\\\\\\\\\\\\\\"Customer: ระบบล่ม ขึ้น Error 404 Server เข้าไม่ได้เลย รีบด่วน\\\\\\\\\\\\\\\",\\\\\\\\\\\\\\\"count\\\\\\\\\\\\\\\":1}\\\\\\\\nCustomer: ระบบล่ม ขึ้น Error 404 Server เข้าไม่ได้เลย รีบด่วน\\\\\\\",\\\\\\\"count\\\\\\\":3}\\\\nCustomer: ระบบล่ม ขึ้น Error 454 Server เข้าไม่ได้เลย รีบด่วน\\\",\\\"count\\\":5}\\nCustomer: ขอคุยกับเจ้าหน้าที่โดยตรง\\nAssistant: {\\\"formatted\\\":\\\"Customer: ระบบล่ม ขึ้น Error 404 Server เข้าไม่ได้เลย รีบด่วน\\\\nAssistant: {\\\\\\\"formatted\\\\\\\":\\\\\\\"Customer: ระบบล่ม ขึ้น Error 404 Server เข้าไม่ได้เลย รีบด่วน\\\\\\\",\\\\\\\"count\\\\\\\":1}\\\\nCustomer: ระบบล่ม ขึ้น Error 404 Server เข้าไม่ได้เลย รีบด่วน\\\\nAssistant: {\\\\\\\"formatted\\\\\\\":\\\\\\\"Customer: ระบบล่ม ขึ้น Error 404 Server เข้าไม่ได้เลย รีบด่วน\\\\\\\\nAssistant: {\\\\\\\\\\\\\\\"formatted\\\\\\\\\\\\\\\":\\\\\\\\\\\\\\\"Customer: ระบบล่ม ขึ้น Error 404 Server เข้าไม่ได้เลย รีบด่วน\\\\\\\\\\\\\\\",\\\\\\\\\\\\\\\"count\\\\\\\\\\\\\\\":1}\\\\\\\\nCustomer: ระบบล่ม ขึ้น Error 404 Server เข้าไม่ได้เลย รีบด่วน\\\\\\\",\\\\\\\"count\\\\\\\":3}\\\\nCustomer: ระบบล่ม ขึ้น Error 454 Server เข้าไม่ได้เลย รีบด่วน\\\\nAssistant: {\\\\\\\"formatted\\\\\\\":\\\\\\\"Customer: ระบบล่ม ขึ้น Error 404 Server เข้าไม่ได้เลย รีบด่วน\\\\\\\\nAssistant: {\\\\\\\\\\\\\\\"formatted\\\\\\\\\\\\\\\":\\\\\\\\\\\\\\\"Customer: ระบบล่ม ขึ้น Error 404 Server เข้าไม่ได้เลย รีบด่วน\\\\\\\\\\\\\\\",\\\\\\\\\\\\\\\"count\\\\\\\\\\\\\\\":1}\\\\\\\\nCustomer: ระบบล่ม ขึ้น Error 404 Server เข้าไม่ได้เลย รีบด่วน\\\\\\\\nAssistant: {\\\\\\\\\\\\\\\"formatted\\\\\\\\\\\\\\\":\\\\\\\\\\\\\\\"Customer: ระบบล่ม ขึ้น Error 404 Server เข้าไม่ได้เลย รีบด่วน\\\\\\\\\\\\\\\\nAssistant: {\\\\\\\\\\\\\\\\\\\\\\\\\\\\\\\"formatted\\\\\\\\\\\\\\\\\\\\\\\\\\\\\\\":\\\\\\\\\\\\\\\\\\\\\\\\\\\\\\\"Customer: ระบบล่ม ขึ้น Error 404 Server เข้าไม่ได้เลย รีบด่วน\\\\\\\\\\\\\\\\\\\\\\\\\\\\\\\",\\\\\\\\\\\\\\\\\\\\\\\\\\\\\\\"count\\\\\\\\\\\\\\\\\\\\\\\\\\\\\\\":1}\\\\\\\\\\\\\\\\nCustomer: ระบบล่ม ขึ้น Error 404 Server เข้าไม่ได้เลย รีบด่วน\\\\\\\\\\\\\\\",\\\\\\\\\\\\\\\"count\\\\\\\\\\\\\\\":3}\\\\\\\\nCustomer: ระบบล่ม ขึ้น Error 454 Server เข้าไม่ได้เลย รีบด่วน\\\\\\\",\\\\\\\"count\\\\\\\":5}\\\\nCustomer: ขอคุยกับเจ้าหน้าที่โดยตรง\\\",\\\"count\\\":7}\\nCustomer: ขอคุยกับเจ้าหน้าที่โดยตรง\",\"count\":9}","count":10}', NULL, NULL);
INSERT INTO messages (conversation_id, role, content, created_at, query) VALUES (12, 'customer', 'ระบบล่ม ขึ้น Error 4044 Server เข้าไม่ได้เลย รีบด่วน', '2026-06-30T21:50:17.133Z', NULL);
INSERT INTO messages (conversation_id, role, content, created_at, query) VALUES (12, 'ai', '{"formatted":"Customer: ระบบล่ม ขึ้น Error 404 Server เข้าไม่ได้เลย รีบด่วน\nAssistant: {\"formatted\":\"Customer: ระบบล่ม ขึ้น Error 404 Server เข้าไม่ได้เลย รีบด่วน\",\"count\":1}\nCustomer: ระบบล่ม ขึ้น Error 404 Server เข้าไม่ได้เลย รีบด่วน\nAssistant: {\"formatted\":\"Customer: ระบบล่ม ขึ้น Error 404 Server เข้าไม่ได้เลย รีบด่วน\\nAssistant: {\\\"formatted\\\":\\\"Customer: ระบบล่ม ขึ้น Error 404 Server เข้าไม่ได้เลย รีบด่วน\\\",\\\"count\\\":1}\\nCustomer: ระบบล่ม ขึ้น Error 404 Server เข้าไม่ได้เลย รีบด่วน\",\"count\":3}\nCustomer: ระบบล่ม ขึ้น Error 454 Server เข้าไม่ได้เลย รีบด่วน\nAssistant: {\"formatted\":\"Customer: ระบบล่ม ขึ้น Error 404 Server เข้าไม่ได้เลย รีบด่วน\\nAssistant: {\\\"formatted\\\":\\\"Customer: ระบบล่ม ขึ้น Error 404 Server เข้าไม่ได้เลย รีบด่วน\\\",\\\"count\\\":1}\\nCustomer: ระบบล่ม ขึ้น Error 404 Server เข้าไม่ได้เลย รีบด่วน\\nAssistant: {\\\"formatted\\\":\\\"Customer: ระบบล่ม ขึ้น Error 404 Server เข้าไม่ได้เลย รีบด่วน\\\\nAssistant: {\\\\\\\"formatted\\\\\\\":\\\\\\\"Customer: ระบบล่ม ขึ้น Error 404 Server เข้าไม่ได้เลย รีบด่วน\\\\\\\",\\\\\\\"count\\\\\\\":1}\\\\nCustomer: ระบบล่ม ขึ้น Error 404 Server เข้าไม่ได้เลย รีบด่วน\\\",\\\"count\\\":3}\\nCustomer: ระบบล่ม ขึ้น Error 454 Server เข้าไม่ได้เลย รีบด่วน\",\"count\":5}\nCustomer: ขอคุยกับเจ้าหน้าที่โดยตรง\nAssistant: {\"formatted\":\"Customer: ระบบล่ม ขึ้น Error 404 Server เข้าไม่ได้เลย รีบด่วน\\nAssistant: {\\\"formatted\\\":\\\"Customer: ระบบล่ม ขึ้น Error 404 Server เข้าไม่ได้เลย รีบด่วน\\\",\\\"count\\\":1}\\nCustomer: ระบบล่ม ขึ้น Error 404 Server เข้าไม่ได้เลย รีบด่วน\\nAssistant: {\\\"formatted\\\":\\\"Customer: ระบบล่ม ขึ้น Error 404 Server เข้าไม่ได้เลย รีบด่วน\\\\nAssistant: {\\\\\\\"formatted\\\\\\\":\\\\\\\"Customer: ระบบล่ม ขึ้น Error 404 Server เข้าไม่ได้เลย รีบด่วน\\\\\\\",\\\\\\\"count\\\\\\\":1}\\\\nCustomer: ระบบล่ม ขึ้น Error 404 Server เข้าไม่ได้เลย รีบด่วน\\\",\\\"count\\\":3}\\nCustomer: ระบบล่ม ขึ้น Error 454 Server เข้าไม่ได้เลย รีบด่วน\\nAssistant: {\\\"formatted\\\":\\\"Customer: ระบบล่ม ขึ้น Error 404 Server เข้าไม่ได้เลย รีบด่วน\\\\nAssistant: {\\\\\\\"formatted\\\\\\\":\\\\\\\"Customer: ระบบล่ม ขึ้น Error 404 Server เข้าไม่ได้เลย รีบด่วน\\\\\\\",\\\\\\\"count\\\\\\\":1}\\\\nCustomer: ระบบล่ม ขึ้น Error 404 Server เข้าไม่ได้เลย รีบด่วน\\\\nAssistant: {\\\\\\\"formatted\\\\\\\":\\\\\\\"Customer: ระบบล่ม ขึ้น Error 404 Server เข้าไม่ได้เลย รีบด่วน\\\\\\\\nAssistant: {\\\\\\\\\\\\\\\"formatted\\\\\\\\\\\\\\\":\\\\\\\\\\\\\\\"Customer: ระบบล่ม ขึ้น Error 404 Server เข้าไม่ได้เลย รีบด่วน\\\\\\\\\\\\\\\",\\\\\\\\\\\\\\\"count\\\\\\\\\\\\\\\":1}\\\\\\\\nCustomer: ระบบล่ม ขึ้น Error 404 Server เข้าไม่ได้เลย รีบด่วน\\\\\\\",\\\\\\\"count\\\\\\\":3}\\\\nCustomer: ระบบล่ม ขึ้น Error 454 Server เข้าไม่ได้เลย รีบด่วน\\\",\\\"count\\\":5}\\nCustomer: ขอคุยกับเจ้าหน้าที่โดยตรง\",\"count\":7}\nCustomer: ขอคุยกับเจ้าหน้าที่โดยตรง\nAssistant: {\"formatted\":\"Customer: ระบบล่ม ขึ้น Error 404 Server เข้าไม่ได้เลย รีบด่วน\\nAssistant: {\\\"formatted\\\":\\\"Customer: ระบบล่ม ขึ้น Error 404 Server เข้าไม่ได้เลย รีบด่วน\\\",\\\"count\\\":1}\\nCustomer: ระบบล่ม ขึ้น Error 404 Server เข้าไม่ได้เลย รีบด่วน\\nAssistant: {\\\"formatted\\\":\\\"Customer: ระบบล่ม ขึ้น Error 404 Server เข้าไม่ได้เลย รีบด่วน\\\\nAssistant: {\\\\\\\"formatted\\\\\\\":\\\\\\\"Customer: ระบบล่ม ขึ้น Error 404 Server เข้าไม่ได้เลย รีบด่วน\\\\\\\",\\\\\\\"count\\\\\\\":1}\\\\nCustomer: ระบบล่ม ขึ้น Error 404 Server เข้าไม่ได้เลย รีบด่วน\\\",\\\"count\\\":3}\\nCustomer: ระบบล่ม ขึ้น Error 454 Server เข้าไม่ได้เลย รีบด่วน\\nAssistant: {\\\"formatted\\\":\\\"Customer: ระบบล่ม ขึ้น Error 404 Server เข้าไม่ได้เลย รีบด่วน\\\\nAssistant: {\\\\\\\"formatted\\\\\\\":\\\\\\\"Customer: ระบบล่ม ขึ้น Error 404 Server เข้าไม่ได้เลย รีบด่วน\\\\\\\",\\\\\\\"count\\\\\\\":1}\\\\nCustomer: ระบบล่ม ขึ้น Error 404 Server เข้าไม่ได้เลย รีบด่วน\\\\nAssistant: {\\\\\\\"formatted\\\\\\\":\\\\\\\"Customer: ระบบล่ม ขึ้น Error 404 Server เข้าไม่ได้เลย รีบด่วน\\\\\\\\nAssistant: {\\\\\\\\\\\\\\\"formatted\\\\\\\\\\\\\\\":\\\\\\\\\\\\\\\"Customer: ระบบล่ม ขึ้น Error 404 Server เข้าไม่ได้เลย รีบด่วน\\\\\\\\\\\\\\\",\\\\\\\\\\\\\\\"count\\\\\\\\\\\\\\\":1}\\\\\\\\nCustomer: ระบบล่ม ขึ้น Error 404 Server เข้าไม่ได้เลย รีบด่วน\\\\\\\",\\\\\\\"count\\\\\\\":3}\\\\nCustomer: ระบบล่ม ขึ้น Error 454 Server เข้าไม่ได้เลย รีบด่วน\\\",\\\"count\\\":5}\\nCustomer: ขอคุยกับเจ้าหน้าที่โดยตรง\\nAssistant: {\\\"formatted\\\":\\\"Customer: ระบบล่ม ขึ้น Error 404 Server เข้าไม่ได้เลย รีบด่วน\\\\nAssistant: {\\\\\\\"formatted\\\\\\\":\\\\\\\"Customer: ระบบล่ม ขึ้น Error 404 Server เข้าไม่ได้เลย รีบด่วน\\\\\\\",\\\\\\\"count\\\\\\\":1}\\\\nCustomer: ระบบล่ม ขึ้น Error 404 Server เข้าไม่ได้เลย รีบด่วน\\\\nAssistant: {\\\\\\\"formatted\\\\\\\":\\\\\\\"Customer: ระบบล่ม ขึ้น Error 404 Server เข้าไม่ได้เลย รีบด่วน\\\\\\\\nAssistant: {\\\\\\\\\\\\\\\"formatted\\\\\\\\\\\\\\\":\\\\\\\\\\\\\\\"Customer: ระบบล่ม ขึ้น Error 404 Server เข้าไม่ได้เลย รีบด่วน\\\\\\\\\\\\\\\",\\\\\\\\\\\\\\\"count\\\\\\\\\\\\\\\":1}\\\\\\\\nCustomer: ระบบล่ม ขึ้น Error 404 Server เข้าไม่ได้เลย รีบด่วน\\\\\\\",\\\\\\\"count\\\\\\\":3}\\\\nCustomer: ระบบล่ม ขึ้น Error 454 Server เข้าไม่ได้เลย รีบด่วน\\\\nAssistant: {\\\\\\\"formatted\\\\\\\":\\\\\\\"Customer: ระบบล่ม ขึ้น Error 404 Server เข้าไม่ได้เลย รีบด่วน\\\\\\\\nAssistant: {\\\\\\\\\\\\\\\"formatted\\\\\\\\\\\\\\\":\\\\\\\\\\\\\\\"Customer: ระบบล่ม ขึ้น Error 404 Server เข้าไม่ได้เลย รีบด่วน\\\\\\\\\\\\\\\",\\\\\\\\\\\\\\\"count\\\\\\\\\\\\\\\":1}\\\\\\\\nCustomer: ระบบล่ม ขึ้น Error 404 Server เข้าไม่ได้เลย รีบด่วน\\\\\\\\nAssistant: {\\\\\\\\\\\\\\\"formatted\\\\\\\\\\\\\\\":\\\\\\\\\\\\\\\"Customer: ระบบล่ม ขึ้น Error 404 Server เข้าไม่ได้เลย รีบด่วน\\\\\\\\\\\\\\\\nAssistant: {\\\\\\\\\\\\\\\\\\\\\\\\\\\\\\\"formatted\\\\\\\\\\\\\\\\\\\\\\\\\\\\\\\":\\\\\\\\\\\\\\\\\\\\\\\\\\\\\\\"Customer: ระบบล่ม ขึ้น Error 404 Server เข้าไม่ได้เลย รีบด่วน\\\\\\\\\\\\\\\\\\\\\\\\\\\\\\\",\\\\\\\\\\\\\\\\\\\\\\\\\\\\\\\"count\\\\\\\\\\\\\\\\\\\\\\\\\\\\\\\":1}\\\\\\\\\\\\\\\\nCustomer: ระบบล่ม ขึ้น Error 404 Server เข้าไม่ได้เลย รีบด่วน\\\\\\\\\\\\\\\",\\\\\\\\\\\\\\\"count\\\\\\\\\\\\\\\":3}\\\\\\\\nCustomer: ระบบล่ม ขึ้น Error 454 Server เข้าไม่ได้เลย รีบด่วน\\\\\\\",\\\\\\\"count\\\\\\\":5}\\\\nCustomer: ขอคุยกับเจ้าหน้าที่โดยตรง\\\",\\\"count\\\":7}\\nCustomer: ขอคุยกับเจ้าหน้าที่โดยตรง\",\"count\":9}","count":10}', NULL, NULL);
INSERT INTO messages (conversation_id, role, content, created_at, query) VALUES (12, 'customer', 'ขอคุยกับเจ้าหน้าที่โดยตรง', '2026-06-30T21:52:11.553Z', NULL);
INSERT INTO messages (conversation_id, role, content, created_at, query) VALUES (12, 'ai', '{"formatted":"Customer: ระบบล่ม ขึ้น Error 404 Server เข้าไม่ได้เลย รีบด่วน\nAssistant: {\"formatted\":\"Customer: ระบบล่ม ขึ้น Error 404 Server เข้าไม่ได้เลย รีบด่วน\",\"count\":1}\nCustomer: ระบบล่ม ขึ้น Error 404 Server เข้าไม่ได้เลย รีบด่วน\nAssistant: {\"formatted\":\"Customer: ระบบล่ม ขึ้น Error 404 Server เข้าไม่ได้เลย รีบด่วน\\nAssistant: {\\\"formatted\\\":\\\"Customer: ระบบล่ม ขึ้น Error 404 Server เข้าไม่ได้เลย รีบด่วน\\\",\\\"count\\\":1}\\nCustomer: ระบบล่ม ขึ้น Error 404 Server เข้าไม่ได้เลย รีบด่วน\",\"count\":3}\nCustomer: ระบบล่ม ขึ้น Error 454 Server เข้าไม่ได้เลย รีบด่วน\nAssistant: {\"formatted\":\"Customer: ระบบล่ม ขึ้น Error 404 Server เข้าไม่ได้เลย รีบด่วน\\nAssistant: {\\\"formatted\\\":\\\"Customer: ระบบล่ม ขึ้น Error 404 Server เข้าไม่ได้เลย รีบด่วน\\\",\\\"count\\\":1}\\nCustomer: ระบบล่ม ขึ้น Error 404 Server เข้าไม่ได้เลย รีบด่วน\\nAssistant: {\\\"formatted\\\":\\\"Customer: ระบบล่ม ขึ้น Error 404 Server เข้าไม่ได้เลย รีบด่วน\\\\nAssistant: {\\\\\\\"formatted\\\\\\\":\\\\\\\"Customer: ระบบล่ม ขึ้น Error 404 Server เข้าไม่ได้เลย รีบด่วน\\\\\\\",\\\\\\\"count\\\\\\\":1}\\\\nCustomer: ระบบล่ม ขึ้น Error 404 Server เข้าไม่ได้เลย รีบด่วน\\\",\\\"count\\\":3}\\nCustomer: ระบบล่ม ขึ้น Error 454 Server เข้าไม่ได้เลย รีบด่วน\",\"count\":5}\nCustomer: ขอคุยกับเจ้าหน้าที่โดยตรง\nAssistant: {\"formatted\":\"Customer: ระบบล่ม ขึ้น Error 404 Server เข้าไม่ได้เลย รีบด่วน\\nAssistant: {\\\"formatted\\\":\\\"Customer: ระบบล่ม ขึ้น Error 404 Server เข้าไม่ได้เลย รีบด่วน\\\",\\\"count\\\":1}\\nCustomer: ระบบล่ม ขึ้น Error 404 Server เข้าไม่ได้เลย รีบด่วน\\nAssistant: {\\\"formatted\\\":\\\"Customer: ระบบล่ม ขึ้น Error 404 Server เข้าไม่ได้เลย รีบด่วน\\\\nAssistant: {\\\\\\\"formatted\\\\\\\":\\\\\\\"Customer: ระบบล่ม ขึ้น Error 404 Server เข้าไม่ได้เลย รีบด่วน\\\\\\\",\\\\\\\"count\\\\\\\":1}\\\\nCustomer: ระบบล่ม ขึ้น Error 404 Server เข้าไม่ได้เลย รีบด่วน\\\",\\\"count\\\":3}\\nCustomer: ระบบล่ม ขึ้น Error 454 Server เข้าไม่ได้เลย รีบด่วน\\nAssistant: {\\\"formatted\\\":\\\"Customer: ระบบล่ม ขึ้น Error 404 Server เข้าไม่ได้เลย รีบด่วน\\\\nAssistant: {\\\\\\\"formatted\\\\\\\":\\\\\\\"Customer: ระบบล่ม ขึ้น Error 404 Server เข้าไม่ได้เลย รีบด่วน\\\\\\\",\\\\\\\"count\\\\\\\":1}\\\\nCustomer: ระบบล่ม ขึ้น Error 404 Server เข้าไม่ได้เลย รีบด่วน\\\\nAssistant: {\\\\\\\"formatted\\\\\\\":\\\\\\\"Customer: ระบบล่ม ขึ้น Error 404 Server เข้าไม่ได้เลย รีบด่วน\\\\\\\\nAssistant: {\\\\\\\\\\\\\\\"formatted\\\\\\\\\\\\\\\":\\\\\\\\\\\\\\\"Customer: ระบบล่ม ขึ้น Error 404 Server เข้าไม่ได้เลย รีบด่วน\\\\\\\\\\\\\\\",\\\\\\\\\\\\\\\"count\\\\\\\\\\\\\\\":1}\\\\\\\\nCustomer: ระบบล่ม ขึ้น Error 404 Server เข้าไม่ได้เลย รีบด่วน\\\\\\\",\\\\\\\"count\\\\\\\":3}\\\\nCustomer: ระบบล่ม ขึ้น Error 454 Server เข้าไม่ได้เลย รีบด่วน\\\",\\\"count\\\":5}\\nCustomer: ขอคุยกับเจ้าหน้าที่โดยตรง\",\"count\":7}\nCustomer: ขอคุยกับเจ้าหน้าที่โดยตรง\nAssistant: {\"formatted\":\"Customer: ระบบล่ม ขึ้น Error 404 Server เข้าไม่ได้เลย รีบด่วน\\nAssistant: {\\\"formatted\\\":\\\"Customer: ระบบล่ม ขึ้น Error 404 Server เข้าไม่ได้เลย รีบด่วน\\\",\\\"count\\\":1}\\nCustomer: ระบบล่ม ขึ้น Error 404 Server เข้าไม่ได้เลย รีบด่วน\\nAssistant: {\\\"formatted\\\":\\\"Customer: ระบบล่ม ขึ้น Error 404 Server เข้าไม่ได้เลย รีบด่วน\\\\nAssistant: {\\\\\\\"formatted\\\\\\\":\\\\\\\"Customer: ระบบล่ม ขึ้น Error 404 Server เข้าไม่ได้เลย รีบด่วน\\\\\\\",\\\\\\\"count\\\\\\\":1}\\\\nCustomer: ระบบล่ม ขึ้น Error 404 Server เข้าไม่ได้เลย รีบด่วน\\\",\\\"count\\\":3}\\nCustomer: ระบบล่ม ขึ้น Error 454 Server เข้าไม่ได้เลย รีบด่วน\\nAssistant: {\\\"formatted\\\":\\\"Customer: ระบบล่ม ขึ้น Error 404 Server เข้าไม่ได้เลย รีบด่วน\\\\nAssistant: {\\\\\\\"formatted\\\\\\\":\\\\\\\"Customer: ระบบล่ม ขึ้น Error 404 Server เข้าไม่ได้เลย รีบด่วน\\\\\\\",\\\\\\\"count\\\\\\\":1}\\\\nCustomer: ระบบล่ม ขึ้น Error 404 Server เข้าไม่ได้เลย รีบด่วน\\\\nAssistant: {\\\\\\\"formatted\\\\\\\":\\\\\\\"Customer: ระบบล่ม ขึ้น Error 404 Server เข้าไม่ได้เลย รีบด่วน\\\\\\\\nAssistant: {\\\\\\\\\\\\\\\"formatted\\\\\\\\\\\\\\\":\\\\\\\\\\\\\\\"Customer: ระบบล่ม ขึ้น Error 404 Server เข้าไม่ได้เลย รีบด่วน\\\\\\\\\\\\\\\",\\\\\\\\\\\\\\\"count\\\\\\\\\\\\\\\":1}\\\\\\\\nCustomer: ระบบล่ม ขึ้น Error 404 Server เข้าไม่ได้เลย รีบด่วน\\\\\\\",\\\\\\\"count\\\\\\\":3}\\\\nCustomer: ระบบล่ม ขึ้น Error 454 Server เข้าไม่ได้เลย รีบด่วน\\\",\\\"count\\\":5}\\nCustomer: ขอคุยกับเจ้าหน้าที่โดยตรง\\nAssistant: {\\\"formatted\\\":\\\"Customer: ระบบล่ม ขึ้น Error 404 Server เข้าไม่ได้เลย รีบด่วน\\\\nAssistant: {\\\\\\\"formatted\\\\\\\":\\\\\\\"Customer: ระบบล่ม ขึ้น Error 404 Server เข้าไม่ได้เลย รีบด่วน\\\\\\\",\\\\\\\"count\\\\\\\":1}\\\\nCustomer: ระบบล่ม ขึ้น Error 404 Server เข้าไม่ได้เลย รีบด่วน\\\\nAssistant: {\\\\\\\"formatted\\\\\\\":\\\\\\\"Customer: ระบบล่ม ขึ้น Error 404 Server เข้าไม่ได้เลย รีบด่วน\\\\\\\\nAssistant: {\\\\\\\\\\\\\\\"formatted\\\\\\\\\\\\\\\":\\\\\\\\\\\\\\\"Customer: ระบบล่ม ขึ้น Error 404 Server เข้าไม่ได้เลย รีบด่วน\\\\\\\\\\\\\\\",\\\\\\\\\\\\\\\"count\\\\\\\\\\\\\\\":1}\\\\\\\\nCustomer: ระบบล่ม ขึ้น Error 404 Server เข้าไม่ได้เลย รีบด่วน\\\\\\\",\\\\\\\"count\\\\\\\":3}\\\\nCustomer: ระบบล่ม ขึ้น Error 454 Server เข้าไม่ได้เลย รีบด่วน\\\\nAssistant: {\\\\\\\"formatted\\\\\\\":\\\\\\\"Customer: ระบบล่ม ขึ้น Error 404 Server เข้าไม่ได้เลย รีบด่วน\\\\\\\\nAssistant: {\\\\\\\\\\\\\\\"formatted\\\\\\\\\\\\\\\":\\\\\\\\\\\\\\\"Customer: ระบบล่ม ขึ้น Error 404 Server เข้าไม่ได้เลย รีบด่วน\\\\\\\\\\\\\\\",\\\\\\\\\\\\\\\"count\\\\\\\\\\\\\\\":1}\\\\\\\\nCustomer: ระบบล่ม ขึ้น Error 404 Server เข้าไม่ได้เลย รีบด่วน\\\\\\\\nAssistant: {\\\\\\\\\\\\\\\"formatted\\\\\\\\\\\\\\\":\\\\\\\\\\\\\\\"Customer: ระบบล่ม ขึ้น Error 404 Server เข้าไม่ได้เลย รีบด่วน\\\\\\\\\\\\\\\\nAssistant: {\\\\\\\\\\\\\\\\\\\\\\\\\\\\\\\"formatted\\\\\\\\\\\\\\\\\\\\\\\\\\\\\\\":\\\\\\\\\\\\\\\\\\\\\\\\\\\\\\\"Customer: ระบบล่ม ขึ้น Error 404 Server เข้าไม่ได้เลย รีบด่วน\\\\\\\\\\\\\\\\\\\\\\\\\\\\\\\",\\\\\\\\\\\\\\\\\\\\\\\\\\\\\\\"count\\\\\\\\\\\\\\\\\\\\\\\\\\\\\\\":1}\\\\\\\\\\\\\\\\nCustomer: ระบบล่ม ขึ้น Error 404 Server เข้าไม่ได้เลย รีบด่วน\\\\\\\\\\\\\\\",\\\\\\\\\\\\\\\"count\\\\\\\\\\\\\\\":3}\\\\\\\\nCustomer: ระบบล่ม ขึ้น Error 454 Server เข้าไม่ได้เลย รีบด่วน\\\\\\\",\\\\\\\"count\\\\\\\":5}\\\\nCustomer: ขอคุยกับเจ้าหน้าที่โดยตรง\\\",\\\"count\\\":7}\\nCustomer: ขอคุยกับเจ้าหน้าที่โดยตรง\",\"count\":9}","count":10}', NULL, NULL);
INSERT INTO messages (conversation_id, role, content, created_at, query) VALUES (12, 'customer', 'คุยกับเจ้าหน้าที่', '2026-06-30T21:52:53.333Z', NULL);
INSERT INTO messages (conversation_id, role, content, created_at, query) VALUES (12, 'ai', '{"formatted":"Customer: ระบบล่ม ขึ้น Error 404 Server เข้าไม่ได้เลย รีบด่วน\nAssistant: {\"formatted\":\"Customer: ระบบล่ม ขึ้น Error 404 Server เข้าไม่ได้เลย รีบด่วน\",\"count\":1}\nCustomer: ระบบล่ม ขึ้น Error 404 Server เข้าไม่ได้เลย รีบด่วน\nAssistant: {\"formatted\":\"Customer: ระบบล่ม ขึ้น Error 404 Server เข้าไม่ได้เลย รีบด่วน\\nAssistant: {\\\"formatted\\\":\\\"Customer: ระบบล่ม ขึ้น Error 404 Server เข้าไม่ได้เลย รีบด่วน\\\",\\\"count\\\":1}\\nCustomer: ระบบล่ม ขึ้น Error 404 Server เข้าไม่ได้เลย รีบด่วน\",\"count\":3}\nCustomer: ระบบล่ม ขึ้น Error 454 Server เข้าไม่ได้เลย รีบด่วน\nAssistant: {\"formatted\":\"Customer: ระบบล่ม ขึ้น Error 404 Server เข้าไม่ได้เลย รีบด่วน\\nAssistant: {\\\"formatted\\\":\\\"Customer: ระบบล่ม ขึ้น Error 404 Server เข้าไม่ได้เลย รีบด่วน\\\",\\\"count\\\":1}\\nCustomer: ระบบล่ม ขึ้น Error 404 Server เข้าไม่ได้เลย รีบด่วน\\nAssistant: {\\\"formatted\\\":\\\"Customer: ระบบล่ม ขึ้น Error 404 Server เข้าไม่ได้เลย รีบด่วน\\\\nAssistant: {\\\\\\\"formatted\\\\\\\":\\\\\\\"Customer: ระบบล่ม ขึ้น Error 404 Server เข้าไม่ได้เลย รีบด่วน\\\\\\\",\\\\\\\"count\\\\\\\":1}\\\\nCustomer: ระบบล่ม ขึ้น Error 404 Server เข้าไม่ได้เลย รีบด่วน\\\",\\\"count\\\":3}\\nCustomer: ระบบล่ม ขึ้น Error 454 Server เข้าไม่ได้เลย รีบด่วน\",\"count\":5}\nCustomer: ขอคุยกับเจ้าหน้าที่โดยตรง\nAssistant: {\"formatted\":\"Customer: ระบบล่ม ขึ้น Error 404 Server เข้าไม่ได้เลย รีบด่วน\\nAssistant: {\\\"formatted\\\":\\\"Customer: ระบบล่ม ขึ้น Error 404 Server เข้าไม่ได้เลย รีบด่วน\\\",\\\"count\\\":1}\\nCustomer: ระบบล่ม ขึ้น Error 404 Server เข้าไม่ได้เลย รีบด่วน\\nAssistant: {\\\"formatted\\\":\\\"Customer: ระบบล่ม ขึ้น Error 404 Server เข้าไม่ได้เลย รีบด่วน\\\\nAssistant: {\\\\\\\"formatted\\\\\\\":\\\\\\\"Customer: ระบบล่ม ขึ้น Error 404 Server เข้าไม่ได้เลย รีบด่วน\\\\\\\",\\\\\\\"count\\\\\\\":1}\\\\nCustomer: ระบบล่ม ขึ้น Error 404 Server เข้าไม่ได้เลย รีบด่วน\\\",\\\"count\\\":3}\\nCustomer: ระบบล่ม ขึ้น Error 454 Server เข้าไม่ได้เลย รีบด่วน\\nAssistant: {\\\"formatted\\\":\\\"Customer: ระบบล่ม ขึ้น Error 404 Server เข้าไม่ได้เลย รีบด่วน\\\\nAssistant: {\\\\\\\"formatted\\\\\\\":\\\\\\\"Customer: ระบบล่ม ขึ้น Error 404 Server เข้าไม่ได้เลย รีบด่วน\\\\\\\",\\\\\\\"count\\\\\\\":1}\\\\nCustomer: ระบบล่ม ขึ้น Error 404 Server เข้าไม่ได้เลย รีบด่วน\\\\nAssistant: {\\\\\\\"formatted\\\\\\\":\\\\\\\"Customer: ระบบล่ม ขึ้น Error 404 Server เข้าไม่ได้เลย รีบด่วน\\\\\\\\nAssistant: {\\\\\\\\\\\\\\\"formatted\\\\\\\\\\\\\\\":\\\\\\\\\\\\\\\"Customer: ระบบล่ม ขึ้น Error 404 Server เข้าไม่ได้เลย รีบด่วน\\\\\\\\\\\\\\\",\\\\\\\\\\\\\\\"count\\\\\\\\\\\\\\\":1}\\\\\\\\nCustomer: ระบบล่ม ขึ้น Error 404 Server เข้าไม่ได้เลย รีบด่วน\\\\\\\",\\\\\\\"count\\\\\\\":3}\\\\nCustomer: ระบบล่ม ขึ้น Error 454 Server เข้าไม่ได้เลย รีบด่วน\\\",\\\"count\\\":5}\\nCustomer: ขอคุยกับเจ้าหน้าที่โดยตรง\",\"count\":7}\nCustomer: ขอคุยกับเจ้าหน้าที่โดยตรง\nAssistant: {\"formatted\":\"Customer: ระบบล่ม ขึ้น Error 404 Server เข้าไม่ได้เลย รีบด่วน\\nAssistant: {\\\"formatted\\\":\\\"Customer: ระบบล่ม ขึ้น Error 404 Server เข้าไม่ได้เลย รีบด่วน\\\",\\\"count\\\":1}\\nCustomer: ระบบล่ม ขึ้น Error 404 Server เข้าไม่ได้เลย รีบด่วน\\nAssistant: {\\\"formatted\\\":\\\"Customer: ระบบล่ม ขึ้น Error 404 Server เข้าไม่ได้เลย รีบด่วน\\\\nAssistant: {\\\\\\\"formatted\\\\\\\":\\\\\\\"Customer: ระบบล่ม ขึ้น Error 404 Server เข้าไม่ได้เลย รีบด่วน\\\\\\\",\\\\\\\"count\\\\\\\":1}\\\\nCustomer: ระบบล่ม ขึ้น Error 404 Server เข้าไม่ได้เลย รีบด่วน\\\",\\\"count\\\":3}\\nCustomer: ระบบล่ม ขึ้น Error 454 Server เข้าไม่ได้เลย รีบด่วน\\nAssistant: {\\\"formatted\\\":\\\"Customer: ระบบล่ม ขึ้น Error 404 Server เข้าไม่ได้เลย รีบด่วน\\\\nAssistant: {\\\\\\\"formatted\\\\\\\":\\\\\\\"Customer: ระบบล่ม ขึ้น Error 404 Server เข้าไม่ได้เลย รีบด่วน\\\\\\\",\\\\\\\"count\\\\\\\":1}\\\\nCustomer: ระบบล่ม ขึ้น Error 404 Server เข้าไม่ได้เลย รีบด่วน\\\\nAssistant: {\\\\\\\"formatted\\\\\\\":\\\\\\\"Customer: ระบบล่ม ขึ้น Error 404 Server เข้าไม่ได้เลย รีบด่วน\\\\\\\\nAssistant: {\\\\\\\\\\\\\\\"formatted\\\\\\\\\\\\\\\":\\\\\\\\\\\\\\\"Customer: ระบบล่ม ขึ้น Error 404 Server เข้าไม่ได้เลย รีบด่วน\\\\\\\\\\\\\\\",\\\\\\\\\\\\\\\"count\\\\\\\\\\\\\\\":1}\\\\\\\\nCustomer: ระบบล่ม ขึ้น Error 404 Server เข้าไม่ได้เลย รีบด่วน\\\\\\\",\\\\\\\"count\\\\\\\":3}\\\\nCustomer: ระบบล่ม ขึ้น Error 454 Server เข้าไม่ได้เลย รีบด่วน\\\",\\\"count\\\":5}\\nCustomer: ขอคุยกับเจ้าหน้าที่โดยตรง\\nAssistant: {\\\"formatted\\\":\\\"Customer: ระบบล่ม ขึ้น Error 404 Server เข้าไม่ได้เลย รีบด่วน\\\\nAssistant: {\\\\\\\"formatted\\\\\\\":\\\\\\\"Customer: ระบบล่ม ขึ้น Error 404 Server เข้าไม่ได้เลย รีบด่วน\\\\\\\",\\\\\\\"count\\\\\\\":1}\\\\nCustomer: ระบบล่ม ขึ้น Error 404 Server เข้าไม่ได้เลย รีบด่วน\\\\nAssistant: {\\\\\\\"formatted\\\\\\\":\\\\\\\"Customer: ระบบล่ม ขึ้น Error 404 Server เข้าไม่ได้เลย รีบด่วน\\\\\\\\nAssistant: {\\\\\\\\\\\\\\\"formatted\\\\\\\\\\\\\\\":\\\\\\\\\\\\\\\"Customer: ระบบล่ม ขึ้น Error 404 Server เข้าไม่ได้เลย รีบด่วน\\\\\\\\\\\\\\\",\\\\\\\\\\\\\\\"count\\\\\\\\\\\\\\\":1}\\\\\\\\nCustomer: ระบบล่ม ขึ้น Error 404 Server เข้าไม่ได้เลย รีบด่วน\\\\\\\",\\\\\\\"count\\\\\\\":3}\\\\nCustomer: ระบบล่ม ขึ้น Error 454 Server เข้าไม่ได้เลย รีบด่วน\\\\nAssistant: {\\\\\\\"formatted\\\\\\\":\\\\\\\"Customer: ระบบล่ม ขึ้น Error 404 Server เข้าไม่ได้เลย รีบด่วน\\\\\\\\nAssistant: {\\\\\\\\\\\\\\\"formatted\\\\\\\\\\\\\\\":\\\\\\\\\\\\\\\"Customer: ระบบล่ม ขึ้น Error 404 Server เข้าไม่ได้เลย รีบด่วน\\\\\\\\\\\\\\\",\\\\\\\\\\\\\\\"count\\\\\\\\\\\\\\\":1}\\\\\\\\nCustomer: ระบบล่ม ขึ้น Error 404 Server เข้าไม่ได้เลย รีบด่วน\\\\\\\\nAssistant: {\\\\\\\\\\\\\\\"formatted\\\\\\\\\\\\\\\":\\\\\\\\\\\\\\\"Customer: ระบบล่ม ขึ้น Error 404 Server เข้าไม่ได้เลย รีบด่วน\\\\\\\\\\\\\\\\nAssistant: {\\\\\\\\\\\\\\\\\\\\\\\\\\\\\\\"formatted\\\\\\\\\\\\\\\\\\\\\\\\\\\\\\\":\\\\\\\\\\\\\\\\\\\\\\\\\\\\\\\"Customer: ระบบล่ม ขึ้น Error 404 Server เข้าไม่ได้เลย รีบด่วน\\\\\\\\\\\\\\\\\\\\\\\\\\\\\\\",\\\\\\\\\\\\\\\\\\\\\\\\\\\\\\\"count\\\\\\\\\\\\\\\\\\\\\\\\\\\\\\\":1}\\\\\\\\\\\\\\\\nCustomer: ระบบล่ม ขึ้น Error 404 Server เข้าไม่ได้เลย รีบด่วน\\\\\\\\\\\\\\\",\\\\\\\\\\\\\\\"count\\\\\\\\\\\\\\\":3}\\\\\\\\nCustomer: ระบบล่ม ขึ้น Error 454 Server เข้าไม่ได้เลย รีบด่วน\\\\\\\",\\\\\\\"count\\\\\\\":5}\\\\nCustomer: ขอคุยกับเจ้าหน้าที่โดยตรง\\\",\\\"count\\\":7}\\nCustomer: ขอคุยกับเจ้าหน้าที่โดยตรง\",\"count\":9}","count":10}', NULL, NULL);
INSERT INTO messages (conversation_id, role, content, created_at, query) VALUES (12, 'customer', 'ระบบล่ม ขึ้น Error 401 Server เข้าไม่ได้เลย รีบด่วน', '2026-06-30T22:16:34.339Z', NULL);
INSERT INTO messages (conversation_id, role, content, created_at, query) VALUES (12, 'ai', '{"formatted":"Customer: ระบบล่ม ขึ้น Error 404 Server เข้าไม่ได้เลย รีบด่วน\nAssistant: {\"formatted\":\"Customer: ระบบล่ม ขึ้น Error 404 Server เข้าไม่ได้เลย รีบด่วน\",\"count\":1}\nCustomer: ระบบล่ม ขึ้น Error 404 Server เข้าไม่ได้เลย รีบด่วน\nAssistant: {\"formatted\":\"Customer: ระบบล่ม ขึ้น Error 404 Server เข้าไม่ได้เลย รีบด่วน\\nAssistant: {\\\"formatted\\\":\\\"Customer: ระบบล่ม ขึ้น Error 404 Server เข้าไม่ได้เลย รีบด่วน\\\",\\\"count\\\":1}\\nCustomer: ระบบล่ม ขึ้น Error 404 Server เข้าไม่ได้เลย รีบด่วน\",\"count\":3}\nCustomer: ระบบล่ม ขึ้น Error 454 Server เข้าไม่ได้เลย รีบด่วน\nAssistant: {\"formatted\":\"Customer: ระบบล่ม ขึ้น Error 404 Server เข้าไม่ได้เลย รีบด่วน\\nAssistant: {\\\"formatted\\\":\\\"Customer: ระบบล่ม ขึ้น Error 404 Server เข้าไม่ได้เลย รีบด่วน\\\",\\\"count\\\":1}\\nCustomer: ระบบล่ม ขึ้น Error 404 Server เข้าไม่ได้เลย รีบด่วน\\nAssistant: {\\\"formatted\\\":\\\"Customer: ระบบล่ม ขึ้น Error 404 Server เข้าไม่ได้เลย รีบด่วน\\\\nAssistant: {\\\\\\\"formatted\\\\\\\":\\\\\\\"Customer: ระบบล่ม ขึ้น Error 404 Server เข้าไม่ได้เลย รีบด่วน\\\\\\\",\\\\\\\"count\\\\\\\":1}\\\\nCustomer: ระบบล่ม ขึ้น Error 404 Server เข้าไม่ได้เลย รีบด่วน\\\",\\\"count\\\":3}\\nCustomer: ระบบล่ม ขึ้น Error 454 Server เข้าไม่ได้เลย รีบด่วน\",\"count\":5}\nCustomer: ขอคุยกับเจ้าหน้าที่โดยตรง\nAssistant: {\"formatted\":\"Customer: ระบบล่ม ขึ้น Error 404 Server เข้าไม่ได้เลย รีบด่วน\\nAssistant: {\\\"formatted\\\":\\\"Customer: ระบบล่ม ขึ้น Error 404 Server เข้าไม่ได้เลย รีบด่วน\\\",\\\"count\\\":1}\\nCustomer: ระบบล่ม ขึ้น Error 404 Server เข้าไม่ได้เลย รีบด่วน\\nAssistant: {\\\"formatted\\\":\\\"Customer: ระบบล่ม ขึ้น Error 404 Server เข้าไม่ได้เลย รีบด่วน\\\\nAssistant: {\\\\\\\"formatted\\\\\\\":\\\\\\\"Customer: ระบบล่ม ขึ้น Error 404 Server เข้าไม่ได้เลย รีบด่วน\\\\\\\",\\\\\\\"count\\\\\\\":1}\\\\nCustomer: ระบบล่ม ขึ้น Error 404 Server เข้าไม่ได้เลย รีบด่วน\\\",\\\"count\\\":3}\\nCustomer: ระบบล่ม ขึ้น Error 454 Server เข้าไม่ได้เลย รีบด่วน\\nAssistant: {\\\"formatted\\\":\\\"Customer: ระบบล่ม ขึ้น Error 404 Server เข้าไม่ได้เลย รีบด่วน\\\\nAssistant: {\\\\\\\"formatted\\\\\\\":\\\\\\\"Customer: ระบบล่ม ขึ้น Error 404 Server เข้าไม่ได้เลย รีบด่วน\\\\\\\",\\\\\\\"count\\\\\\\":1}\\\\nCustomer: ระบบล่ม ขึ้น Error 404 Server เข้าไม่ได้เลย รีบด่วน\\\\nAssistant: {\\\\\\\"formatted\\\\\\\":\\\\\\\"Customer: ระบบล่ม ขึ้น Error 404 Server เข้าไม่ได้เลย รีบด่วน\\\\\\\\nAssistant: {\\\\\\\\\\\\\\\"formatted\\\\\\\\\\\\\\\":\\\\\\\\\\\\\\\"Customer: ระบบล่ม ขึ้น Error 404 Server เข้าไม่ได้เลย รีบด่วน\\\\\\\\\\\\\\\",\\\\\\\\\\\\\\\"count\\\\\\\\\\\\\\\":1}\\\\\\\\nCustomer: ระบบล่ม ขึ้น Error 404 Server เข้าไม่ได้เลย รีบด่วน\\\\\\\",\\\\\\\"count\\\\\\\":3}\\\\nCustomer: ระบบล่ม ขึ้น Error 454 Server เข้าไม่ได้เลย รีบด่วน\\\",\\\"count\\\":5}\\nCustomer: ขอคุยกับเจ้าหน้าที่โดยตรง\",\"count\":7}\nCustomer: ขอคุยกับเจ้าหน้าที่โดยตรง\nAssistant: {\"formatted\":\"Customer: ระบบล่ม ขึ้น Error 404 Server เข้าไม่ได้เลย รีบด่วน\\nAssistant: {\\\"formatted\\\":\\\"Customer: ระบบล่ม ขึ้น Error 404 Server เข้าไม่ได้เลย รีบด่วน\\\",\\\"count\\\":1}\\nCustomer: ระบบล่ม ขึ้น Error 404 Server เข้าไม่ได้เลย รีบด่วน\\nAssistant: {\\\"formatted\\\":\\\"Customer: ระบบล่ม ขึ้น Error 404 Server เข้าไม่ได้เลย รีบด่วน\\\\nAssistant: {\\\\\\\"formatted\\\\\\\":\\\\\\\"Customer: ระบบล่ม ขึ้น Error 404 Server เข้าไม่ได้เลย รีบด่วน\\\\\\\",\\\\\\\"count\\\\\\\":1}\\\\nCustomer: ระบบล่ม ขึ้น Error 404 Server เข้าไม่ได้เลย รีบด่วน\\\",\\\"count\\\":3}\\nCustomer: ระบบล่ม ขึ้น Error 454 Server เข้าไม่ได้เลย รีบด่วน\\nAssistant: {\\\"formatted\\\":\\\"Customer: ระบบล่ม ขึ้น Error 404 Server เข้าไม่ได้เลย รีบด่วน\\\\nAssistant: {\\\\\\\"formatted\\\\\\\":\\\\\\\"Customer: ระบบล่ม ขึ้น Error 404 Server เข้าไม่ได้เลย รีบด่วน\\\\\\\",\\\\\\\"count\\\\\\\":1}\\\\nCustomer: ระบบล่ม ขึ้น Error 404 Server เข้าไม่ได้เลย รีบด่วน\\\\nAssistant: {\\\\\\\"formatted\\\\\\\":\\\\\\\"Customer: ระบบล่ม ขึ้น Error 404 Server เข้าไม่ได้เลย รีบด่วน\\\\\\\\nAssistant: {\\\\\\\\\\\\\\\"formatted\\\\\\\\\\\\\\\":\\\\\\\\\\\\\\\"Customer: ระบบล่ม ขึ้น Error 404 Server เข้าไม่ได้เลย รีบด่วน\\\\\\\\\\\\\\\",\\\\\\\\\\\\\\\"count\\\\\\\\\\\\\\\":1}\\\\\\\\nCustomer: ระบบล่ม ขึ้น Error 404 Server เข้าไม่ได้เลย รีบด่วน\\\\\\\",\\\\\\\"count\\\\\\\":3}\\\\nCustomer: ระบบล่ม ขึ้น Error 454 Server เข้าไม่ได้เลย รีบด่วน\\\",\\\"count\\\":5}\\nCustomer: ขอคุยกับเจ้าหน้าที่โดยตรง\\nAssistant: {\\\"formatted\\\":\\\"Customer: ระบบล่ม ขึ้น Error 404 Server เข้าไม่ได้เลย รีบด่วน\\\\nAssistant: {\\\\\\\"formatted\\\\\\\":\\\\\\\"Customer: ระบบล่ม ขึ้น Error 404 Server เข้าไม่ได้เลย รีบด่วน\\\\\\\",\\\\\\\"count\\\\\\\":1}\\\\nCustomer: ระบบล่ม ขึ้น Error 404 Server เข้าไม่ได้เลย รีบด่วน\\\\nAssistant: {\\\\\\\"formatted\\\\\\\":\\\\\\\"Customer: ระบบล่ม ขึ้น Error 404 Server เข้าไม่ได้เลย รีบด่วน\\\\\\\\nAssistant: {\\\\\\\\\\\\\\\"formatted\\\\\\\\\\\\\\\":\\\\\\\\\\\\\\\"Customer: ระบบล่ม ขึ้น Error 404 Server เข้าไม่ได้เลย รีบด่วน\\\\\\\\\\\\\\\",\\\\\\\\\\\\\\\"count\\\\\\\\\\\\\\\":1}\\\\\\\\nCustomer: ระบบล่ม ขึ้น Error 404 Server เข้าไม่ได้เลย รีบด่วน\\\\\\\",\\\\\\\"count\\\\\\\":3}\\\\nCustomer: ระบบล่ม ขึ้น Error 454 Server เข้าไม่ได้เลย รีบด่วน\\\\nAssistant: {\\\\\\\"formatted\\\\\\\":\\\\\\\"Customer: ระบบล่ม ขึ้น Error 404 Server เข้าไม่ได้เลย รีบด่วน\\\\\\\\nAssistant: {\\\\\\\\\\\\\\\"formatted\\\\\\\\\\\\\\\":\\\\\\\\\\\\\\\"Customer: ระบบล่ม ขึ้น Error 404 Server เข้าไม่ได้เลย รีบด่วน\\\\\\\\\\\\\\\",\\\\\\\\\\\\\\\"count\\\\\\\\\\\\\\\":1}\\\\\\\\nCustomer: ระบบล่ม ขึ้น Error 404 Server เข้าไม่ได้เลย รีบด่วน\\\\\\\\nAssistant: {\\\\\\\\\\\\\\\"formatted\\\\\\\\\\\\\\\":\\\\\\\\\\\\\\\"Customer: ระบบล่ม ขึ้น Error 404 Server เข้าไม่ได้เลย รีบด่วน\\\\\\\\\\\\\\\\nAssistant: {\\\\\\\\\\\\\\\\\\\\\\\\\\\\\\\"formatted\\\\\\\\\\\\\\\\\\\\\\\\\\\\\\\":\\\\\\\\\\\\\\\\\\\\\\\\\\\\\\\"Customer: ระบบล่ม ขึ้น Error 404 Server เข้าไม่ได้เลย รีบด่วน\\\\\\\\\\\\\\\\\\\\\\\\\\\\\\\",\\\\\\\\\\\\\\\\\\\\\\\\\\\\\\\"count\\\\\\\\\\\\\\\\\\\\\\\\\\\\\\\":1}\\\\\\\\\\\\\\\\nCustomer: ระบบล่ม ขึ้น Error 404 Server เข้าไม่ได้เลย รีบด่วน\\\\\\\\\\\\\\\",\\\\\\\\\\\\\\\"count\\\\\\\\\\\\\\\":3}\\\\\\\\nCustomer: ระบบล่ม ขึ้น Error 454 Server เข้าไม่ได้เลย รีบด่วน\\\\\\\",\\\\\\\"count\\\\\\\":5}\\\\nCustomer: ขอคุยกับเจ้าหน้าที่โดยตรง\\\",\\\"count\\\":7}\\nCustomer: ขอคุยกับเจ้าหน้าที่โดยตรง\",\"count\":9}","count":10}', NULL, NULL);
INSERT INTO messages (conversation_id, role, content, created_at, query) VALUES (12, 'customer', 'ระบบล่ม ขึ้น Error 404 Server เข้าไม่ได้เลย รีบด่วน', '2026-06-30T22:18:14.696Z', NULL);
INSERT INTO messages (conversation_id, role, content, created_at, query) VALUES (12, 'ai', '{"formatted":"Customer: ระบบล่ม ขึ้น Error 404 Server เข้าไม่ได้เลย รีบด่วน\nAssistant: {\"formatted\":\"Customer: ระบบล่ม ขึ้น Error 404 Server เข้าไม่ได้เลย รีบด่วน\",\"count\":1}\nCustomer: ระบบล่ม ขึ้น Error 404 Server เข้าไม่ได้เลย รีบด่วน\nAssistant: {\"formatted\":\"Customer: ระบบล่ม ขึ้น Error 404 Server เข้าไม่ได้เลย รีบด่วน\\nAssistant: {\\\"formatted\\\":\\\"Customer: ระบบล่ม ขึ้น Error 404 Server เข้าไม่ได้เลย รีบด่วน\\\",\\\"count\\\":1}\\nCustomer: ระบบล่ม ขึ้น Error 404 Server เข้าไม่ได้เลย รีบด่วน\",\"count\":3}\nCustomer: ระบบล่ม ขึ้น Error 454 Server เข้าไม่ได้เลย รีบด่วน\nAssistant: {\"formatted\":\"Customer: ระบบล่ม ขึ้น Error 404 Server เข้าไม่ได้เลย รีบด่วน\\nAssistant: {\\\"formatted\\\":\\\"Customer: ระบบล่ม ขึ้น Error 404 Server เข้าไม่ได้เลย รีบด่วน\\\",\\\"count\\\":1}\\nCustomer: ระบบล่ม ขึ้น Error 404 Server เข้าไม่ได้เลย รีบด่วน\\nAssistant: {\\\"formatted\\\":\\\"Customer: ระบบล่ม ขึ้น Error 404 Server เข้าไม่ได้เลย รีบด่วน\\\\nAssistant: {\\\\\\\"formatted\\\\\\\":\\\\\\\"Customer: ระบบล่ม ขึ้น Error 404 Server เข้าไม่ได้เลย รีบด่วน\\\\\\\",\\\\\\\"count\\\\\\\":1}\\\\nCustomer: ระบบล่ม ขึ้น Error 404 Server เข้าไม่ได้เลย รีบด่วน\\\",\\\"count\\\":3}\\nCustomer: ระบบล่ม ขึ้น Error 454 Server เข้าไม่ได้เลย รีบด่วน\",\"count\":5}\nCustomer: ขอคุยกับเจ้าหน้าที่โดยตรง\nAssistant: {\"formatted\":\"Customer: ระบบล่ม ขึ้น Error 404 Server เข้าไม่ได้เลย รีบด่วน\\nAssistant: {\\\"formatted\\\":\\\"Customer: ระบบล่ม ขึ้น Error 404 Server เข้าไม่ได้เลย รีบด่วน\\\",\\\"count\\\":1}\\nCustomer: ระบบล่ม ขึ้น Error 404 Server เข้าไม่ได้เลย รีบด่วน\\nAssistant: {\\\"formatted\\\":\\\"Customer: ระบบล่ม ขึ้น Error 404 Server เข้าไม่ได้เลย รีบด่วน\\\\nAssistant: {\\\\\\\"formatted\\\\\\\":\\\\\\\"Customer: ระบบล่ม ขึ้น Error 404 Server เข้าไม่ได้เลย รีบด่วน\\\\\\\",\\\\\\\"count\\\\\\\":1}\\\\nCustomer: ระบบล่ม ขึ้น Error 404 Server เข้าไม่ได้เลย รีบด่วน\\\",\\\"count\\\":3}\\nCustomer: ระบบล่ม ขึ้น Error 454 Server เข้าไม่ได้เลย รีบด่วน\\nAssistant: {\\\"formatted\\\":\\\"Customer: ระบบล่ม ขึ้น Error 404 Server เข้าไม่ได้เลย รีบด่วน\\\\nAssistant: {\\\\\\\"formatted\\\\\\\":\\\\\\\"Customer: ระบบล่ม ขึ้น Error 404 Server เข้าไม่ได้เลย รีบด่วน\\\\\\\",\\\\\\\"count\\\\\\\":1}\\\\nCustomer: ระบบล่ม ขึ้น Error 404 Server เข้าไม่ได้เลย รีบด่วน\\\\nAssistant: {\\\\\\\"formatted\\\\\\\":\\\\\\\"Customer: ระบบล่ม ขึ้น Error 404 Server เข้าไม่ได้เลย รีบด่วน\\\\\\\\nAssistant: {\\\\\\\\\\\\\\\"formatted\\\\\\\\\\\\\\\":\\\\\\\\\\\\\\\"Customer: ระบบล่ม ขึ้น Error 404 Server เข้าไม่ได้เลย รีบด่วน\\\\\\\\\\\\\\\",\\\\\\\\\\\\\\\"count\\\\\\\\\\\\\\\":1}\\\\\\\\nCustomer: ระบบล่ม ขึ้น Error 404 Server เข้าไม่ได้เลย รีบด่วน\\\\\\\",\\\\\\\"count\\\\\\\":3}\\\\nCustomer: ระบบล่ม ขึ้น Error 454 Server เข้าไม่ได้เลย รีบด่วน\\\",\\\"count\\\":5}\\nCustomer: ขอคุยกับเจ้าหน้าที่โดยตรง\",\"count\":7}\nCustomer: ขอคุยกับเจ้าหน้าที่โดยตรง\nAssistant: {\"formatted\":\"Customer: ระบบล่ม ขึ้น Error 404 Server เข้าไม่ได้เลย รีบด่วน\\nAssistant: {\\\"formatted\\\":\\\"Customer: ระบบล่ม ขึ้น Error 404 Server เข้าไม่ได้เลย รีบด่วน\\\",\\\"count\\\":1}\\nCustomer: ระบบล่ม ขึ้น Error 404 Server เข้าไม่ได้เลย รีบด่วน\\nAssistant: {\\\"formatted\\\":\\\"Customer: ระบบล่ม ขึ้น Error 404 Server เข้าไม่ได้เลย รีบด่วน\\\\nAssistant: {\\\\\\\"formatted\\\\\\\":\\\\\\\"Customer: ระบบล่ม ขึ้น Error 404 Server เข้าไม่ได้เลย รีบด่วน\\\\\\\",\\\\\\\"count\\\\\\\":1}\\\\nCustomer: ระบบล่ม ขึ้น Error 404 Server เข้าไม่ได้เลย รีบด่วน\\\",\\\"count\\\":3}\\nCustomer: ระบบล่ม ขึ้น Error 454 Server เข้าไม่ได้เลย รีบด่วน\\nAssistant: {\\\"formatted\\\":\\\"Customer: ระบบล่ม ขึ้น Error 404 Server เข้าไม่ได้เลย รีบด่วน\\\\nAssistant: {\\\\\\\"formatted\\\\\\\":\\\\\\\"Customer: ระบบล่ม ขึ้น Error 404 Server เข้าไม่ได้เลย รีบด่วน\\\\\\\",\\\\\\\"count\\\\\\\":1}\\\\nCustomer: ระบบล่ม ขึ้น Error 404 Server เข้าไม่ได้เลย รีบด่วน\\\\nAssistant: {\\\\\\\"formatted\\\\\\\":\\\\\\\"Customer: ระบบล่ม ขึ้น Error 404 Server เข้าไม่ได้เลย รีบด่วน\\\\\\\\nAssistant: {\\\\\\\\\\\\\\\"formatted\\\\\\\\\\\\\\\":\\\\\\\\\\\\\\\"Customer: ระบบล่ม ขึ้น Error 404 Server เข้าไม่ได้เลย รีบด่วน\\\\\\\\\\\\\\\",\\\\\\\\\\\\\\\"count\\\\\\\\\\\\\\\":1}\\\\\\\\nCustomer: ระบบล่ม ขึ้น Error 404 Server เข้าไม่ได้เลย รีบด่วน\\\\\\\",\\\\\\\"count\\\\\\\":3}\\\\nCustomer: ระบบล่ม ขึ้น Error 454 Server เข้าไม่ได้เลย รีบด่วน\\\",\\\"count\\\":5}\\nCustomer: ขอคุยกับเจ้าหน้าที่โดยตรง\\nAssistant: {\\\"formatted\\\":\\\"Customer: ระบบล่ม ขึ้น Error 404 Server เข้าไม่ได้เลย รีบด่วน\\\\nAssistant: {\\\\\\\"formatted\\\\\\\":\\\\\\\"Customer: ระบบล่ม ขึ้น Error 404 Server เข้าไม่ได้เลย รีบด่วน\\\\\\\",\\\\\\\"count\\\\\\\":1}\\\\nCustomer: ระบบล่ม ขึ้น Error 404 Server เข้าไม่ได้เลย รีบด่วน\\\\nAssistant: {\\\\\\\"formatted\\\\\\\":\\\\\\\"Customer: ระบบล่ม ขึ้น Error 404 Server เข้าไม่ได้เลย รีบด่วน\\\\\\\\nAssistant: {\\\\\\\\\\\\\\\"formatted\\\\\\\\\\\\\\\":\\\\\\\\\\\\\\\"Customer: ระบบล่ม ขึ้น Error 404 Server เข้าไม่ได้เลย รีบด่วน\\\\\\\\\\\\\\\",\\\\\\\\\\\\\\\"count\\\\\\\\\\\\\\\":1}\\\\\\\\nCustomer: ระบบล่ม ขึ้น Error 404 Server เข้าไม่ได้เลย รีบด่วน\\\\\\\",\\\\\\\"count\\\\\\\":3}\\\\nCustomer: ระบบล่ม ขึ้น Error 454 Server เข้าไม่ได้เลย รีบด่วน\\\\nAssistant: {\\\\\\\"formatted\\\\\\\":\\\\\\\"Customer: ระบบล่ม ขึ้น Error 404 Server เข้าไม่ได้เลย รีบด่วน\\\\\\\\nAssistant: {\\\\\\\\\\\\\\\"formatted\\\\\\\\\\\\\\\":\\\\\\\\\\\\\\\"Customer: ระบบล่ม ขึ้น Error 404 Server เข้าไม่ได้เลย รีบด่วน\\\\\\\\\\\\\\\",\\\\\\\\\\\\\\\"count\\\\\\\\\\\\\\\":1}\\\\\\\\nCustomer: ระบบล่ม ขึ้น Error 404 Server เข้าไม่ได้เลย รีบด่วน\\\\\\\\nAssistant: {\\\\\\\\\\\\\\\"formatted\\\\\\\\\\\\\\\":\\\\\\\\\\\\\\\"Customer: ระบบล่ม ขึ้น Error 404 Server เข้าไม่ได้เลย รีบด่วน\\\\\\\\\\\\\\\\nAssistant: {\\\\\\\\\\\\\\\\\\\\\\\\\\\\\\\"formatted\\\\\\\\\\\\\\\\\\\\\\\\\\\\\\\":\\\\\\\\\\\\\\\\\\\\\\\\\\\\\\\"Customer: ระบบล่ม ขึ้น Error 404 Server เข้าไม่ได้เลย รีบด่วน\\\\\\\\\\\\\\\\\\\\\\\\\\\\\\\",\\\\\\\\\\\\\\\\\\\\\\\\\\\\\\\"count\\\\\\\\\\\\\\\\\\\\\\\\\\\\\\\":1}\\\\\\\\\\\\\\\\nCustomer: ระบบล่ม ขึ้น Error 404 Server เข้าไม่ได้เลย รีบด่วน\\\\\\\\\\\\\\\",\\\\\\\\\\\\\\\"count\\\\\\\\\\\\\\\":3}\\\\\\\\nCustomer: ระบบล่ม ขึ้น Error 454 Server เข้าไม่ได้เลย รีบด่วน\\\\\\\",\\\\\\\"count\\\\\\\":5}\\\\nCustomer: ขอคุยกับเจ้าหน้าที่โดยตรง\\\",\\\"count\\\":7}\\nCustomer: ขอคุยกับเจ้าหน้าที่โดยตรง\",\"count\":9}","count":10}', NULL, NULL);
INSERT INTO messages (conversation_id, role, content, created_at, query) VALUES (12, 'customer', 'คุยกับเจ้าหน้าที่', '2026-06-30T22:19:30.382Z', NULL);
INSERT INTO messages (conversation_id, role, content, created_at, query) VALUES (12, 'ai', '{"formatted":"Customer: ระบบล่ม ขึ้น Error 404 Server เข้าไม่ได้เลย รีบด่วน\nAssistant: {\"formatted\":\"Customer: ระบบล่ม ขึ้น Error 404 Server เข้าไม่ได้เลย รีบด่วน\",\"count\":1}\nCustomer: ระบบล่ม ขึ้น Error 404 Server เข้าไม่ได้เลย รีบด่วน\nAssistant: {\"formatted\":\"Customer: ระบบล่ม ขึ้น Error 404 Server เข้าไม่ได้เลย รีบด่วน\\nAssistant: {\\\"formatted\\\":\\\"Customer: ระบบล่ม ขึ้น Error 404 Server เข้าไม่ได้เลย รีบด่วน\\\",\\\"count\\\":1}\\nCustomer: ระบบล่ม ขึ้น Error 404 Server เข้าไม่ได้เลย รีบด่วน\",\"count\":3}\nCustomer: ระบบล่ม ขึ้น Error 454 Server เข้าไม่ได้เลย รีบด่วน\nAssistant: {\"formatted\":\"Customer: ระบบล่ม ขึ้น Error 404 Server เข้าไม่ได้เลย รีบด่วน\\nAssistant: {\\\"formatted\\\":\\\"Customer: ระบบล่ม ขึ้น Error 404 Server เข้าไม่ได้เลย รีบด่วน\\\",\\\"count\\\":1}\\nCustomer: ระบบล่ม ขึ้น Error 404 Server เข้าไม่ได้เลย รีบด่วน\\nAssistant: {\\\"formatted\\\":\\\"Customer: ระบบล่ม ขึ้น Error 404 Server เข้าไม่ได้เลย รีบด่วน\\\\nAssistant: {\\\\\\\"formatted\\\\\\\":\\\\\\\"Customer: ระบบล่ม ขึ้น Error 404 Server เข้าไม่ได้เลย รีบด่วน\\\\\\\",\\\\\\\"count\\\\\\\":1}\\\\nCustomer: ระบบล่ม ขึ้น Error 404 Server เข้าไม่ได้เลย รีบด่วน\\\",\\\"count\\\":3}\\nCustomer: ระบบล่ม ขึ้น Error 454 Server เข้าไม่ได้เลย รีบด่วน\",\"count\":5}\nCustomer: ขอคุยกับเจ้าหน้าที่โดยตรง\nAssistant: {\"formatted\":\"Customer: ระบบล่ม ขึ้น Error 404 Server เข้าไม่ได้เลย รีบด่วน\\nAssistant: {\\\"formatted\\\":\\\"Customer: ระบบล่ม ขึ้น Error 404 Server เข้าไม่ได้เลย รีบด่วน\\\",\\\"count\\\":1}\\nCustomer: ระบบล่ม ขึ้น Error 404 Server เข้าไม่ได้เลย รีบด่วน\\nAssistant: {\\\"formatted\\\":\\\"Customer: ระบบล่ม ขึ้น Error 404 Server เข้าไม่ได้เลย รีบด่วน\\\\nAssistant: {\\\\\\\"formatted\\\\\\\":\\\\\\\"Customer: ระบบล่ม ขึ้น Error 404 Server เข้าไม่ได้เลย รีบด่วน\\\\\\\",\\\\\\\"count\\\\\\\":1}\\\\nCustomer: ระบบล่ม ขึ้น Error 404 Server เข้าไม่ได้เลย รีบด่วน\\\",\\\"count\\\":3}\\nCustomer: ระบบล่ม ขึ้น Error 454 Server เข้าไม่ได้เลย รีบด่วน\\nAssistant: {\\\"formatted\\\":\\\"Customer: ระบบล่ม ขึ้น Error 404 Server เข้าไม่ได้เลย รีบด่วน\\\\nAssistant: {\\\\\\\"formatted\\\\\\\":\\\\\\\"Customer: ระบบล่ม ขึ้น Error 404 Server เข้าไม่ได้เลย รีบด่วน\\\\\\\",\\\\\\\"count\\\\\\\":1}\\\\nCustomer: ระบบล่ม ขึ้น Error 404 Server เข้าไม่ได้เลย รีบด่วน\\\\nAssistant: {\\\\\\\"formatted\\\\\\\":\\\\\\\"Customer: ระบบล่ม ขึ้น Error 404 Server เข้าไม่ได้เลย รีบด่วน\\\\\\\\nAssistant: {\\\\\\\\\\\\\\\"formatted\\\\\\\\\\\\\\\":\\\\\\\\\\\\\\\"Customer: ระบบล่ม ขึ้น Error 404 Server เข้าไม่ได้เลย รีบด่วน\\\\\\\\\\\\\\\",\\\\\\\\\\\\\\\"count\\\\\\\\\\\\\\\":1}\\\\\\\\nCustomer: ระบบล่ม ขึ้น Error 404 Server เข้าไม่ได้เลย รีบด่วน\\\\\\\",\\\\\\\"count\\\\\\\":3}\\\\nCustomer: ระบบล่ม ขึ้น Error 454 Server เข้าไม่ได้เลย รีบด่วน\\\",\\\"count\\\":5}\\nCustomer: ขอคุยกับเจ้าหน้าที่โดยตรง\",\"count\":7}\nCustomer: ขอคุยกับเจ้าหน้าที่โดยตรง\nAssistant: {\"formatted\":\"Customer: ระบบล่ม ขึ้น Error 404 Server เข้าไม่ได้เลย รีบด่วน\\nAssistant: {\\\"formatted\\\":\\\"Customer: ระบบล่ม ขึ้น Error 404 Server เข้าไม่ได้เลย รีบด่วน\\\",\\\"count\\\":1}\\nCustomer: ระบบล่ม ขึ้น Error 404 Server เข้าไม่ได้เลย รีบด่วน\\nAssistant: {\\\"formatted\\\":\\\"Customer: ระบบล่ม ขึ้น Error 404 Server เข้าไม่ได้เลย รีบด่วน\\\\nAssistant: {\\\\\\\"formatted\\\\\\\":\\\\\\\"Customer: ระบบล่ม ขึ้น Error 404 Server เข้าไม่ได้เลย รีบด่วน\\\\\\\",\\\\\\\"count\\\\\\\":1}\\\\nCustomer: ระบบล่ม ขึ้น Error 404 Server เข้าไม่ได้เลย รีบด่วน\\\",\\\"count\\\":3}\\nCustomer: ระบบล่ม ขึ้น Error 454 Server เข้าไม่ได้เลย รีบด่วน\\nAssistant: {\\\"formatted\\\":\\\"Customer: ระบบล่ม ขึ้น Error 404 Server เข้าไม่ได้เลย รีบด่วน\\\\nAssistant: {\\\\\\\"formatted\\\\\\\":\\\\\\\"Customer: ระบบล่ม ขึ้น Error 404 Server เข้าไม่ได้เลย รีบด่วน\\\\\\\",\\\\\\\"count\\\\\\\":1}\\\\nCustomer: ระบบล่ม ขึ้น Error 404 Server เข้าไม่ได้เลย รีบด่วน\\\\nAssistant: {\\\\\\\"formatted\\\\\\\":\\\\\\\"Customer: ระบบล่ม ขึ้น Error 404 Server เข้าไม่ได้เลย รีบด่วน\\\\\\\\nAssistant: {\\\\\\\\\\\\\\\"formatted\\\\\\\\\\\\\\\":\\\\\\\\\\\\\\\"Customer: ระบบล่ม ขึ้น Error 404 Server เข้าไม่ได้เลย รีบด่วน\\\\\\\\\\\\\\\",\\\\\\\\\\\\\\\"count\\\\\\\\\\\\\\\":1}\\\\\\\\nCustomer: ระบบล่ม ขึ้น Error 404 Server เข้าไม่ได้เลย รีบด่วน\\\\\\\",\\\\\\\"count\\\\\\\":3}\\\\nCustomer: ระบบล่ม ขึ้น Error 454 Server เข้าไม่ได้เลย รีบด่วน\\\",\\\"count\\\":5}\\nCustomer: ขอคุยกับเจ้าหน้าที่โดยตรง\\nAssistant: {\\\"formatted\\\":\\\"Customer: ระบบล่ม ขึ้น Error 404 Server เข้าไม่ได้เลย รีบด่วน\\\\nAssistant: {\\\\\\\"formatted\\\\\\\":\\\\\\\"Customer: ระบบล่ม ขึ้น Error 404 Server เข้าไม่ได้เลย รีบด่วน\\\\\\\",\\\\\\\"count\\\\\\\":1}\\\\nCustomer: ระบบล่ม ขึ้น Error 404 Server เข้าไม่ได้เลย รีบด่วน\\\\nAssistant: {\\\\\\\"formatted\\\\\\\":\\\\\\\"Customer: ระบบล่ม ขึ้น Error 404 Server เข้าไม่ได้เลย รีบด่วน\\\\\\\\nAssistant: {\\\\\\\\\\\\\\\"formatted\\\\\\\\\\\\\\\":\\\\\\\\\\\\\\\"Customer: ระบบล่ม ขึ้น Error 404 Server เข้าไม่ได้เลย รีบด่วน\\\\\\\\\\\\\\\",\\\\\\\\\\\\\\\"count\\\\\\\\\\\\\\\":1}\\\\\\\\nCustomer: ระบบล่ม ขึ้น Error 404 Server เข้าไม่ได้เลย รีบด่วน\\\\\\\",\\\\\\\"count\\\\\\\":3}\\\\nCustomer: ระบบล่ม ขึ้น Error 454 Server เข้าไม่ได้เลย รีบด่วน\\\\nAssistant: {\\\\\\\"formatted\\\\\\\":\\\\\\\"Customer: ระบบล่ม ขึ้น Error 404 Server เข้าไม่ได้เลย รีบด่วน\\\\\\\\nAssistant: {\\\\\\\\\\\\\\\"formatted\\\\\\\\\\\\\\\":\\\\\\\\\\\\\\\"Customer: ระบบล่ม ขึ้น Error 404 Server เข้าไม่ได้เลย รีบด่วน\\\\\\\\\\\\\\\",\\\\\\\\\\\\\\\"count\\\\\\\\\\\\\\\":1}\\\\\\\\nCustomer: ระบบล่ม ขึ้น Error 404 Server เข้าไม่ได้เลย รีบด่วน\\\\\\\\nAssistant: {\\\\\\\\\\\\\\\"formatted\\\\\\\\\\\\\\\":\\\\\\\\\\\\\\\"Customer: ระบบล่ม ขึ้น Error 404 Server เข้าไม่ได้เลย รีบด่วน\\\\\\\\\\\\\\\\nAssistant: {\\\\\\\\\\\\\\\\\\\\\\\\\\\\\\\"formatted\\\\\\\\\\\\\\\\\\\\\\\\\\\\\\\":\\\\\\\\\\\\\\\\\\\\\\\\\\\\\\\"Customer: ระบบล่ม ขึ้น Error 404 Server เข้าไม่ได้เลย รีบด่วน\\\\\\\\\\\\\\\\\\\\\\\\\\\\\\\",\\\\\\\\\\\\\\\\\\\\\\\\\\\\\\\"count\\\\\\\\\\\\\\\\\\\\\\\\\\\\\\\":1}\\\\\\\\\\\\\\\\nCustomer: ระบบล่ม ขึ้น Error 404 Server เข้าไม่ได้เลย รีบด่วน\\\\\\\\\\\\\\\",\\\\\\\\\\\\\\\"count\\\\\\\\\\\\\\\":3}\\\\\\\\nCustomer: ระบบล่ม ขึ้น Error 454 Server เข้าไม่ได้เลย รีบด่วน\\\\\\\",\\\\\\\"count\\\\\\\":5}\\\\nCustomer: ขอคุยกับเจ้าหน้าที่โดยตรง\\\",\\\"count\\\":7}\\nCustomer: ขอคุยกับเจ้าหน้าที่โดยตรง\",\"count\":9}","count":10}', NULL, NULL);
INSERT INTO messages (conversation_id, role, content, created_at, query) VALUES (13, 'customer', 'ระบบล่มเข้าใช้งานไม่ได้แก้ไขด่วน', '2026-07-01T02:29:10.059Z', NULL);
INSERT INTO messages (conversation_id, role, content, created_at, query) VALUES (13, 'ai', 'รับทราบแล้วค่า เรื่องระบบล่มและเข้าใช้งานไม่ได้ นิวเปิดตั๋วงานด่วนให้เรียบร้อยเลยนะคะ หมายเลข Ticket คือ TCK-2026-59293 ทีมงานจะดูแลแก้ไขให้เสร็จภายใน 4 ชั่วโมงค่ะ

ถ้ามีอะไรเพิ่มเติมหรือยังไม่ดีขึ้น แจ้งนิวได้เลยนะคะ เดี๋ยวช่วยติดตามให้อีกค่ะ', NULL, NULL);
INSERT INTO messages (conversation_id, role, content, created_at, query) VALUES (13, 'ai', 'อ่าค่ะ เรื่องการขอเบิกอุปกรณ์ IT นิวขอตรวจสอบขั้นตอนให้ชัดเจนก่อนนะคะ เพื่อให้ไม่พลาดรายละเอียดสำคัญเลย เดี๋ยวเปิด ticket ให้ทีมที่ดูแลเรื่องนี้มาตอบโดยตรงเลยค่ะ รอสักครู่นะคะเปิดตั๋วสอบถามเรื่องขั้นตอนขอเบิกอุปกรณ์ IT ให้นะคะ 📋 หมายเลข Ticket คือ TCK-2026-41725 ค่ะ ทีมงานจะติดต่อกลับพร้อมรายละเอียดภายใน 7 วันทำการนี้เลยค่ะ ถ้ามีอะไรอยากให้ช่วยระหว่างนี้ทักมาได้เลยนะคะ 😊', NULL, NULL);

-- Seed data for tickets
INSERT INTO tickets (id, subject, summary, status, priority, assigned_pm, created_via, plane_issue_id, conversation_id) VALUES ('TCK-2026-37830', 'ระบบล่ม ขึ้น Error 404 Server เข้าไม่ได้เลย รีบด่วน', 'ลูกค้ารายงานว่า ระบบล่มและแสดงข้อความ Error 404 Server เข้าใช้งานไม่ได้ โดยแจ้งว่าปัญหาเร่งด่วนมาก ต้องการให้ทีมแก้ไขโดยเร็ว', 'Open', 'P1', NULL, 'ai', 'c1df3ed4-9726-4885-b0eb-5fa9af9591f8', 12);
INSERT INTO tickets (id, subject, summary, status, priority, assigned_pm, created_via, plane_issue_id, conversation_id) VALUES ('TCK-2026-59293', 'ระบบล่มเข้าใช้งานไม่ได้ แก้ไขด่วน', 'ลูกค้าแจ้งว่าระบบล่ม ไม่สามารถเข้าใช้งานได้ ต้องการให้แก้ไขปัญหาโดยด่วน', 'Open', 'P1', NULL, 'ai', 'f8bd8a00-11b2-41bb-9223-267dd4599aac', NULL);
INSERT INTO tickets (id, subject, summary, status, priority, assigned_pm, created_via, plane_issue_id, conversation_id) VALUES ('TCK-2026-62065', 'IT support requested: Cannot login Orbit App session...', 'User reported issue: "Cannot login Orbit App session expired" on channel LINE', 'Open', 'P2', NULL, 'ai', NULL, NULL);
INSERT INTO tickets (id, subject, summary, status, priority, assigned_pm, created_via, plane_issue_id, conversation_id) VALUES ('TCK-2026-72689', 'IT support requested: เข้าใช้งานระบบ SSO ไม่ได้ Erro...', 'User reported issue: "เข้าใช้งานระบบ SSO ไม่ได้ Error 500" on channel LINE', 'Open', 'P2', NULL, 'ai', NULL, NULL);
INSERT INTO tickets (id, subject, summary, status, priority, assigned_pm, created_via, plane_issue_id, conversation_id) VALUES ('TCK-2026-96795', 'IT support requested: Cannot login Orbit App session...', 'User reported issue: "Cannot login Orbit App session expired" on channel LINE', 'Open', 'P2', NULL, 'ai', NULL, NULL);
INSERT INTO tickets (id, subject, summary, status, priority, assigned_pm, created_via, plane_issue_id, conversation_id) VALUES ('TCK-2026-53876', 'IT support requested: Cannot login Orbit App session...', 'User reported issue: "Cannot login Orbit App session expired" on channel LINE', 'Open', 'P2', NULL, 'ai', NULL, NULL);
INSERT INTO tickets (id, subject, summary, status, priority, assigned_pm, created_via, plane_issue_id, conversation_id) VALUES ('TCK-2026-46335', 'IT support requested: Cannot login Orbit App session...', 'User reported issue: "Cannot login Orbit App session expired" on channel LINE', 'Open', 'P2', NULL, 'ai', NULL, NULL);
INSERT INTO tickets (id, subject, summary, status, priority, assigned_pm, created_via, plane_issue_id, conversation_id) VALUES ('TCK-2026-55625', 'IT support requested: เข้าใช้งานระบบ SSO ไม่ได้ Erro...', 'User reported issue: "เข้าใช้งานระบบ SSO ไม่ได้ Error 500" on channel LINE', 'Open', 'P2', NULL, 'ai', NULL, NULL);
INSERT INTO tickets (id, subject, summary, status, priority, assigned_pm, created_via, plane_issue_id, conversation_id) VALUES ('TCK-2026-41725', 'ขอสอบถามขั้นตอนการขอเบิกอุปกรณ์ IT', 'ลูกค้าสอบถามวิธีการขอเบิกอุปกรณ์ IT แต่ไม่พบข้อมูลในฐานความรู้ ขอความช่วยเหลือให้ทีมที่เกี่ยวข้องชี้แจงขั้นตอนและวิธีการให้ชัดเจน', 'Open', 'P4', NULL, 'ai', '74f26cf6-2c01-4c00-b679-9d056cc023ee', NULL);

